time,subj_course_id,sec_code,sec_id,prof,available,waitlist,total,enrolled_ct
1681780044341,AAS 10,A01,121703,Butler; Elizabeth Annette,0,1,34,34
1681780044341,AAS 10,A02,121704,Butler; Elizabeth Annette,0,0,34,34
1681780044767,AAS 170,A00,121707,Butler; Elizabeth Annette,12,0,32,20
1681780045194,AAS 198,001,168014,Childs; Dennis R.,17,0,25,8
1681780045618,AIP 97,001,184623,Weibel; Nadir,0,0,0,0
1681780045618,AIP 97,002,253427,Owens; Melinda Tsao-Ying,0,0,0,0
1681780045618,AIP 97,003,253551,Gremel; Christina M,9998,0,9999,1
1681780045618,AIP 97,004,254245,Klosterman; Jeremy K,9998,0,9999,1
1681780045618,AIP 97,005,254468,Abagyan; Ruben,9998,0,9999,1
1681780045618,AIP 97,006,257299,Bussell; Mirle Rabinowitz,9998,0,9999,1
1681780046051,AIP 197,001,184620,Bozinovic; Goran,6,0,10,4
1681780046051,AIP 197,002,200055,Elgin; Samuel Zincke,8,0,10,2
1681780046051,AIP 197,003,200704,Weibel; Nadir,15,0,15,0
1681780046051,AIP 197,004,200705,Thomas; Robert Lee,13,0,15,2
1681780046051,AIP 197,005,200706,Vahabzadeh-Hagh; Andrew Me,15,0,15,0
1681780046051,AIP 197,006,200707,Smith; Neil Gordon,7,0,30,23
1681780046051,AIP 197,007,202004,Frank; Lawrence Douglas,19,0,20,1
1681780046051,AIP 197,008,202067,Hamilton; James D.,19,0,20,1
1681780046051,AIP 197,009,203064,Karmarkar; Uma R,9998,0,9999,1
1681780046051,AIP 197,010,204666,Fleischer; Jason G,9996,0,9999,3
1681780046051,AIP 197,011,209157,Cartwright; Lisa,9998,0,9999,1
1681780046051,AIP 197,012,215041,Gomez Mostajo; Maria Loren,9998,0,9999,1
1681780046051,AIP 197,013,215042,Romero; Nathan A,9998,0,9999,1
1681780046051,AIP 197,014,215086,Augustine; Vineet,9998,0,9999,1
1681780046051,AIP 197,015,215120,Root; Cory Matthew,9990,0,9999,9
1681780046051,AIP 197,016,215121,Bussell; Mirle Rabinowitz,19,0,25,6
1681780046051,AIP 197,017,215776,Dominguez; Ricardo,9998,0,9999,1
1681780046051,AIP 197,018,231988,Samek; Anya,9998,0,9999,1
1681780046051,AIP 197,019,232114,Shenkman; Michael Thomas,9998,0,9999,1
1681780046051,AIP 197,020,232264,DeMaria; Anthony N.,9998,0,9999,1
1681780046051,AIP 197,021,232574,Wang; Dong,9998,0,9999,1
1681780046051,AIP 197,022,235511,Fields; Gary,9998,0,9999,1
1681780046051,AIP 197,023,237483,Owens; Melinda Tsao-Ying,9998,0,9999,1
1681780046051,AIP 197,024,238243,Powell; Lindsey Jane,9999,0,9999,0
1681780046051,AIP 197,025,238420,Lopez; Casandra,9998,0,9999,1
1681780046051,AIP 197,026,242197,Morris; Karcher William,9998,0,9999,1
1681780046051,AIP 197,027,253432,Gershon; Rachel M,9998,0,9999,1
1681780046051,AIP 197,028,254256,Pomeroy; Robert S.,9998,0,9999,1
1681780046051,AIP 197,029,254477,Moss; Cecilia Laurel,9998,0,9999,1
1681780046051,AIP 197,030,254489,Van Den Einde; Yael Dahlia,9997,0,9999,2
1681780046051,AIP 197,031,255266,Wang; Edward Jay,7,0,15,8
1681780046051,AIP 197,032,255831,Tronzo; William,14,0,15,1
1681780046051,AIP 197,033,256187,Campbell; Robert Harold,9998,0,9999,1
1681780046051,AIP 197,034,256189,Lindenberger; Wade Douglas,9997,0,9999,2
1681780046051,AIP 197,035,256190,Blakley; Bruce,9998,0,9999,1
1681780046051,AIP 197,036,256633,Reddy; Divya Kotha,9998,0,9999,1
1681780046051,AIP 197,037,256684,Heyman; Gail D.,9998,0,9999,1
1681780046051,AIP 197,038,258093,Glaser; Amelia,9997,0,9999,2
1681780046051,AIP 197,039,258186,McDonnell; Lisa Marie,9998,0,9999,1
1681780046051,AIP 197,040,258916,Wixted; John T,9998,0,9999,1
1681780046051,AIP 197,041,259254,Joseph; Michael F,9999,0,9999,0
1681780046477,AIP 197DC,001,184621,Hill; Seth J,11,0,27,16
1681780046900,AIP 197P,001,235510,Solomon; Amanda Lee Albaniel,9998,0,9999,1
1681780046900,AIP 197P,002,255853,Forman; Fonna,9998,0,9999,1
1681780047332,AIP 197T,001,184622,Anderson; Patrick W.,15,0,15,0
1681780047759,ANAR 111,A00,199428,Jones; Ian William Nasser,0,0,17,17
1681780048185,ANAR 115,A00,118234,Shtienberg; Gilad,2,0,29,27
1681780048619,ANAR 120,A00,199402,Jones; Ian William Nasser,1,0,15,14
1681780049469,ANAR 146R,A00,118237,D'Alpoim Guedes; Jade A,14,0,200,186
1681780049469,ANAR 146R,B00,179350,D'Alpoim Guedes; Jade A,59,0,100,41
1681780049894,ANAR 155,A00,177767,Braswell; Geoffrey E.,0,0,0,22
1681780050320,ANBI 111,A00,118239,Hrvoj Mihic; Branka,6,0,33,27
1681780050744,ANBI 135,A01,118241,Non; Amy L,0,0,12,14
1681780051171,ANBI 140,A00,179998,Hrvoj Mihic; Branka,2,0,47,45
1681780051594,ANBI 173,A00,118249,Wilder; Linnea Lorene,0,2,20,20
1681780052020,ANSC 101,A00,118250,Sloane; Julia Kathryn,0,3,35,38
1681780052447,ANSC 105,A00,118252,Stewart; Alexander B,1,0,35,34
1681780052871,ANSC 117,A00,118254,Kang; Byung Chu,1,0,20,19
1681780053295,ANSC 122,A00,118259,Yeh; Rihan Wen Xin,2,0,31,29
1681780053718,ANSC 125,A00,118264,Brenner; Suzanne A,3,0,75,72
1681780054145,ANSC 137,A00,118272,Stewart; Alexander B,0,3,37,37
1681780054572,ANSC 142,A00,118273,Kennemore; Amy Michelle,0,3,44,45
1681780054996,ANSC 147,A00,118275,Stewart; Alexander B,3,0,35,32
1681780055423,ANSC 148,A00,118276,Olivas Hernandez; Olga Lid,0,0,48,48
1681780055853,ANSC 156,A00,118277,Jenkins; Janis A.,1,2,20,19
1681780056279,ANSC 173,A00,118278,Brenner; Suzanne A,0,0,12,12
1681780056705,ANSC 177,A00,118280,Pedersen; David,7,0,20,13
1681780057131,ANSC 186,A00,118286,Katz; Hazel,1,3,28,27
1681780057561,ANTH 2,A01,118205,Marchetto; Maria Carolina,0,1,30,30
1681780057561,ANTH 2,A02,118206,Marchetto; Maria Carolina,1,0,30,29
1681780057561,ANTH 2,A03,118207,Marchetto; Maria Carolina,0,1,30,33
1681780057561,ANTH 2,A04,118212,Marchetto; Maria Carolina,0,1,30,30
1681780057561,ANTH 2,A05,118213,Marchetto; Maria Carolina,0,0,30,30
1681780057984,ANTH 3,A01,118217,Stroth; Luke Reyneri,2,1,30,28
1681780057984,ANTH 3,A02,118218,Stroth; Luke Reyneri,0,0,30,30
1681780057984,ANTH 3,A03,118219,Stroth; Luke Reyneri,0,0,30,30
1681780057984,ANTH 3,A04,118222,Stroth; Luke Reyneri,1,0,30,29
1681780058408,ANTH 10,A00,118224,Donald; Nancy Ann,0,0,80,80
1681780058836,ANTH 21,A01,118226,Stone; Annika Britt,0,1,37,37
1681780058836,ANTH 21,A02,118227,Stone; Annika Britt,0,0,37,38
1681780058836,ANTH 21,A03,118228,Stone; Annika Britt,0,0,37,40
1681780058836,ANTH 21,A04,118229,Stone; Annika Britt,0,2,30,32
1681780059263,ANTH 103,A00,118287,Hankins; Joseph D.,0,0,104,104
1681780059686,ANTH 111,A00,118289,Bialecki; Jon Anthony,1,0,25,24
1681780060108,ANTH 112,A00,118294,Jones; Ian William Nasser,0,0,30,30
1681780060534,ANTH 128B,A01,173335,Lewis; Leslie R,4,0,12,8
1681780060958,ANTH 192,A00,179999,Varma; Saiba,1,0,18,17
1681780061380,ANTH 196C,A00,118300,Varma; Saiba,13,0,20,7
1681780061804,ANTH 198,001,193540,Gagneux; Pascal,9996,0,9999,3
1681780062233,AWP 3,003,117959,Bourdeau; Joseph Albert,0,0,13,13
1681780062233,AWP 3,004,117961,Tiernan; Christa Michelle,0,0,14,14
1681780062233,AWP 3,005,117963,Kolodezh; Samuel,0,0,14,14
1681780062233,AWP 3,007,117966,Haugh; Megan Nicole,0,0,14,14
1681780062233,AWP 3,008,117970,Grant; Melinda G,0,0,14,14
1681780062233,AWP 3,009,117971,Gilbert; Peter W,0,0,14,14
1681780062233,AWP 3,010,117973,Spicer; Jacqueline,0,0,13,13
1681780062659,AWP 4A,001,117975,Defrance; Robert S,1,0,10,9
1681780062659,AWP 4A,002,117989,Defrance; Robert S,0,0,10,10
1681780063087,AWP 4B,001,118000,West; Geoffrey Scott,0,0,0,8
1681780063087,AWP 4B,002,118005,O'Neil; Courtney L,0,0,0,9
1681780063087,AWP 4B,003,118009,Bolin; Jillian,0,0,0,9
1681780063087,AWP 4B,004,118010,Bolin; Jillian,0,0,0,11
1681780063087,AWP 4B,005,118011,Eastin; Schuyler E.,0,0,0,8
1681780063087,AWP 4B,007,118015,Falcon; Jennifer A,0,0,0,9
1681780063087,AWP 4B,008,118022,Falcon; Jennifer A,0,0,0,8
1681780063087,AWP 4B,009,118024,Tsurska Svetina; Olena,0,0,0,9
1681780063087,AWP 4B,010,118026,Tsurska Svetina; Olena,0,0,0,9
1681780063087,AWP 4B,011,118028,Vaughn; Kelsey Sara,0,0,0,10
1681780063087,AWP 4B,012,118029,Vaughn; Kelsey Sara,0,0,0,9
1681780063087,AWP 4B,013,118033,Steinberg; Stacy A,0,0,0,9
1681780063087,AWP 4B,014,118034,Steinberg; Stacy A,0,0,0,7
1681780063087,AWP 4B,015,118036,Heiser; Jerrod A,0,0,0,9
1681780063087,AWP 4B,016,118038,Heiser; Jerrod A,0,0,0,9
1681780063087,AWP 4B,018,118048,Tiernan; Christa Michelle,0,0,0,12
1681780063087,AWP 4B,020,118052,Wilson; Natalie Ann,0,0,0,10
1681780063087,AWP 4B,023,118059,Hall; Graham T,0,0,0,9
1681780063087,AWP 4B,024,118060,Hall; Graham T,0,0,0,9
1681780063087,AWP 4B,025,118062,Ajo; Frances Margaret,0,0,0,9
1681780063087,AWP 4B,026,118064,Ajo; Frances Margaret,0,0,0,8
1681780063087,AWP 4B,027,118071,Bauer; Holly Jean,0,0,0,8
1681780063087,AWP 4B,029,118076,Chandler; Bailee Daniele,0,0,0,6
1681780063087,AWP 4B,030,118078,Chandler; Bailee Daniele,0,0,0,10
1681780063087,AWP 4B,031,118080,Jones; William Jadie,0,0,0,9
1681780063087,AWP 4B,032,118081,Jones; William Jadie,0,0,0,8
1681780063087,AWP 4B,033,118097,Setoda; Kayleigh Kumiko,0,0,0,10
1681780063087,AWP 4B,034,118129,Setoda; Kayleigh Kumiko,0,0,0,7
1681780063087,AWP 4B,035,118183,Ejmont; Sylwia D.,0,0,0,10
1681780063087,AWP 4B,036,118184,Ejmont; Sylwia D.,0,0,0,10
1681780063087,AWP 4B,037,118185,Weintraub; Lauren Monica,0,0,0,8
1681780063087,AWP 4B,038,118186,Weintraub; Lauren Monica,0,0,0,10
1681780063087,AWP 4B,039,118187,Zroka; Amy Liane,0,0,0,8
1681780063087,AWP 4B,040,118188,Zroka; Amy Liane,0,0,0,11
1681780063087,AWP 4B,041,118189,Christie; Veronica Ann,0,0,0,10
1681780063087,AWP 4B,042,118190,Christie; Veronica Ann,0,0,0,9
1681780063508,BENG 87,A00,194540,Omens; Jeffrey Howard,2,0,20,18
1681780063937,BENG 100,A01,118331,Alexandrov; Ludmil B,1,0,28,27
1681780063937,BENG 100,A02,118362,Alexandrov; Ludmil B,0,0,28,28
1681780063937,BENG 100,A03,118380,Alexandrov; Ludmil B,6,0,28,22
1681780063937,BENG 100,A04,118381,Alexandrov; Ludmil B,0,0,28,28
1681780063937,BENG 100,A05,118397,Alexandrov; Ludmil B,1,0,30,29
1681780064372,BENG 102,A00,118407,Engler; Adam J.,8,0,60,52
1681780064796,BENG 103B,A00,118415,Fraley; Stephanie I.,1,0,130,129
1681780065220,BENG 112B,A01,118433,Shi; Lingyan,2,0,58,56
1681780065649,BENG 125,A00,118438,Hasty; Jeff M,10,0,146,136
1681780066075,BENG 133,A01,118461,Mali; Prashant Gulab Ram,9,0,40,31
1681780066498,BENG 140B,A01,118463,Cabrales; Pedro,2,0,50,48
1681780066498,BENG 140B,A02,118472,Cabrales; Pedro,19,0,45,26
1681780066922,BENG 160,A50,118483,Aguado; Brian Alberto,1,0,25,24
1681780066922,BENG 160,A51,118485,Aguado; Brian Alberto,1,0,25,24
1681780066922,BENG 160,A52,118493,Aguado; Brian Alberto,2,0,25,23
1681780067351,BENG 172,A50,118504,Omens; Jeffrey Howard & Cabrales; Pedro,0,0,20,20
1681780067351,BENG 172,A51,118506,Omens; Jeffrey Howard & Cabrales; Pedro,1,0,20,19
1681780067351,BENG 172,A52,197234,Omens; Jeffrey Howard & Cabrales; Pedro,2,0,16,14
1681780067778,BENG 182,A01,118512,Bafna; Vineet,4,0,25,21
1681780068203,BENG 186A,A00,118514,MacDonald; Christopher L.,10,0,120,110
1681780068626,BENG 187A,A00,118521,Taylor Amos; Alyssa C,7,0,170,163
1681780069059,BENG 187D,A00,118522,Taylor Amos; Alyssa C,2,0,60,58
1681780069059,BENG 187D,B00,118523,Taylor Amos; Alyssa C,16,0,60,44
1681780069059,BENG 187D,C00,118524,Taylor Amos; Alyssa C,26,0,60,34
1681780069492,BENG 189,A00,118525,Contijoch; Francisco,6,0,30,24
1681780069914,BENG 193,A00,118527,Engler; Adam J.,0,0,0,16
1681780070341,BENG 196,A00,118531,Engler; Adam J.,0,1,12,12
1681780070774,BENG 197,A00,118533,Engler; Adam J.,0,0,0,0
1681780071199,BIBC 100,A01,163750,Neal; Sonya E,0,2,32,32
1681780071199,BIBC 100,A02,163751,Neal; Sonya E,0,1,32,32
1681780071199,BIBC 100,A03,163752,Neal; Sonya E,0,1,33,33
1681780071199,BIBC 100,A04,163753,Neal; Sonya E,0,2,33,33
1681780071199,BIBC 100,A05,163754,Neal; Sonya E,0,2,33,33
1681780071199,BIBC 100,A06,163755,Neal; Sonya E,1,2,33,32
1681780071199,BIBC 100,A07,163756,Neal; Sonya E,0,1,32,32
1681780071199,BIBC 100,A08,163757,Neal; Sonya E,0,2,32,32
1681780071199,BIBC 100,A09,198638,Neal; Sonya E,0,1,33,33
1681780071199,BIBC 100,A10,198639,Neal; Sonya E,0,1,29,29
1681780071637,BIBC 102,A01,157649,Dickinson; Alexandra Jazz,0,1,34,34
1681780071637,BIBC 102,A02,157650,Dickinson; Alexandra Jazz,0,2,34,34
1681780071637,BIBC 102,A03,157651,Dickinson; Alexandra Jazz,0,1,34,34
1681780071637,BIBC 102,A04,157652,Dickinson; Alexandra Jazz,0,1,34,34
1681780071637,BIBC 102,A05,157664,Dickinson; Alexandra Jazz,0,1,34,34
1681780071637,BIBC 102,A06,157703,Dickinson; Alexandra Jazz,0,1,34,34
1681780071637,BIBC 102,A07,157727,Dickinson; Alexandra Jazz,0,2,34,34
1681780071637,BIBC 102,A08,157733,Dickinson; Alexandra Jazz,0,0,34,34
1681780071637,BIBC 102,B01,163759,Bozinovic; Goran,1,0,32,31
1681780071637,BIBC 102,B02,163760,Bozinovic; Goran,3,0,32,29
1681780071637,BIBC 102,B03,163761,Bozinovic; Goran,27,0,32,5
1681780071637,BIBC 102,B04,163762,Bozinovic; Goran,0,0,32,32
1681780071637,BIBC 102,B05,163763,Bozinovic; Goran,5,0,32,27
1681780071637,BIBC 102,B06,163764,Bozinovic; Goran,0,0,32,32
1681780071637,BIBC 102,B07,163765,Bozinovic; Goran,18,0,32,14
1681780071637,BIBC 102,B08,163766,Bozinovic; Goran,21,0,32,11
1681780072065,BIBC 103,A01,148676,Coleman; Aaron B.,0,1,0,23
1681780072065,BIBC 103,A02,148693,Coleman; Aaron B.,0,0,0,24
1681780072065,BIBC 103,B01,148697,Burg; Michael,0,0,0,22
1681780072065,BIBC 103,B02,148698,Burg; Michael,0,1,0,24
1681780072065,BIBC 103,C01,148703,Beyhan; Sinem,0,0,0,25
1681780072065,BIBC 103,C02,148705,Beyhan; Sinem,0,0,0,23
1681780072920,BICD 100,A01,163767,Troemel; Emily Ruth,0,1,32,32
1681780072920,BICD 100,A02,163768,Troemel; Emily Ruth,0,0,32,32
1681780072920,BICD 100,A03,163769,Troemel; Emily Ruth,0,0,32,32
1681780072920,BICD 100,A04,163770,Troemel; Emily Ruth,0,0,32,32
1681780072920,BICD 100,A05,163771,Troemel; Emily Ruth,0,0,32,32
1681780072920,BICD 100,A06,163772,Troemel; Emily Ruth,0,0,32,32
1681780072920,BICD 100,A07,163773,Troemel; Emily Ruth,0,0,32,32
1681780072920,BICD 100,A08,163774,Troemel; Emily Ruth,0,0,32,32
1681780072920,BICD 100,B01,165810,Reinagel; Pam,21,0,32,11
1681780072920,BICD 100,B02,165811,Reinagel; Pam,27,0,32,5
1681780072920,BICD 100,B04,165813,Reinagel; Pam,32,0,32,0
1681780072920,BICD 100,B05,165814,Reinagel; Pam,22,0,32,10
1681780072920,BICD 100,B07,165816,Reinagel; Pam,18,0,32,14
1681780072920,BICD 100,B08,165817,Reinagel; Pam,9,0,32,23
1681780072920,BICD 100,C01,165818,Cooper; Andrew Michael,22,0,32,10
1681780072920,BICD 100,C02,165819,Cooper; Andrew Michael,27,0,32,5
1681780072920,BICD 100,C03,165820,Cooper; Andrew Michael,30,0,32,2
1681780072920,BICD 100,C04,165821,Cooper; Andrew Michael,29,0,32,3
1681780072920,BICD 100,C05,165822,Cooper; Andrew Michael,19,0,32,13
1681780072920,BICD 100,C06,165823,Cooper; Andrew Michael,30,0,32,2
1681780072920,BICD 100,C08,165825,Cooper; Andrew Michael,28,0,32,4
1681780072920,BICD 100,D01,165826,Rusert; Jessica Marie,0,0,32,32
1681780072920,BICD 100,D02,165827,Rusert; Jessica Marie,1,0,32,31
1681780072920,BICD 100,D03,165828,Rusert; Jessica Marie,10,0,30,20
1681780072920,BICD 100,D04,165829,Rusert; Jessica Marie,0,0,32,32
1681780072920,BICD 100,D05,165830,Rusert; Jessica Marie,1,0,32,31
1681780072920,BICD 100,D06,165835,Rusert; Jessica Marie,7,0,27,20
1681780072920,BICD 100,D07,165843,Rusert; Jessica Marie,17,0,28,11
1681780072920,BICD 100,D08,165846,Rusert; Jessica Marie,3,0,32,29
1681780073350,BICD 110,A01,157642,Muroyama; Andrew David,0,0,33,33
1681780073350,BICD 110,A02,157643,Muroyama; Andrew David,0,0,32,32
1681780073350,BICD 110,A03,157644,Muroyama; Andrew David,0,1,32,32
1681780073350,BICD 110,A04,157645,Muroyama; Andrew David,0,0,32,32
1681780073350,BICD 110,A05,157646,Muroyama; Andrew David,0,0,31,31
1681780073350,BICD 110,A06,157647,Muroyama; Andrew David,0,0,31,31
1681780073350,BICD 110,A07,157648,Muroyama; Andrew David,0,0,30,30
1681780073350,BICD 110,B01,166076,Forbes; Douglass Jane,0,1,34,34
1681780073350,BICD 110,B02,166077,Forbes; Douglass Jane,1,1,34,33
1681780073350,BICD 110,B03,166078,Forbes; Douglass Jane,0,2,34,34
1681780073350,BICD 110,B04,166079,Forbes; Douglass Jane,0,0,34,34
1681780073350,BICD 110,B05,166080,Forbes; Douglass Jane,0,0,34,34
1681780073350,BICD 110,B06,166081,Forbes; Douglass Jane,1,1,34,33
1681780073350,BICD 110,B07,166082,Forbes; Douglass Jane,1,1,34,33
1681780073350,BICD 110,B08,166083,Forbes; Douglass Jane,0,0,34,34
1681780073350,BICD 110,B09,166084,Forbes; Douglass Jane,1,1,34,33
1681780073774,BICD 140,A01,159332,Lu; Li-Fan,0,0,32,32
1681780073774,BICD 140,A02,159343,Lu; Li-Fan,1,0,33,32
1681780073774,BICD 140,A03,159356,Lu; Li-Fan,1,0,33,32
1681780073774,BICD 140,A04,159366,Lu; Li-Fan,1,0,33,32
1681780073774,BICD 140,A05,159403,Lu; Li-Fan,0,0,33,33
1681780073774,BICD 140,A06,159414,Lu; Li-Fan,2,0,32,30
1681780073774,BICD 140,A07,198650,Lu; Li-Fan,0,0,32,32
1681780074198,BICD 158,A01,165847,Bier; Ethan,1,0,34,33
1681780074198,BICD 158,A02,165858,Bier; Ethan,1,0,34,33
1681780074198,BICD 158,A03,165866,Bier; Ethan,0,0,34,34
1681780074198,BICD 158,A04,165868,Bier; Ethan,0,0,33,33
1681780074624,BIEB 121,A00,148722,Butler; Shannon Rhey,0,5,0,32
1681780074624,BIEB 121,B00,148724,Butler; Shannon Rhey,0,3,0,32
1681780075050,BIEB 130,A01,165948,Kurle; Carolyn M.,0,4,34,34
1681780075050,BIEB 130,A02,165949,Kurle; Carolyn M.,1,3,34,33
1681780075050,BIEB 130,A03,165950,Kurle; Carolyn M.,0,4,34,34
1681780075050,BIEB 130,A04,165951,Kurle; Carolyn M.,1,3,34,33
1681780075050,BIEB 130,A05,165952,Kurle; Carolyn M.,0,2,34,34
1681780075050,BIEB 130,A06,165953,Kurle; Carolyn M.,0,2,34,34
1681780075050,BIEB 130,A07,198640,Kurle; Carolyn M.,1,3,34,33
1681780075050,BIEB 130,A08,198644,Kurle; Carolyn M.,0,3,34,34
1681780075479,BIEB 146,A01,165869,Petrie; Katherine Lynn,0,0,34,34
1681780075479,BIEB 146,A02,165929,Petrie; Katherine Lynn,0,1,34,34
1681780075479,BIEB 146,A03,165930,Petrie; Katherine Lynn,0,1,34,34
1681780075479,BIEB 146,A04,165931,Petrie; Katherine Lynn,1,2,34,33
1681780075479,BIEB 146,A05,165932,Petrie; Katherine Lynn,0,2,34,34
1681780075479,BIEB 146,A06,165933,Petrie; Katherine Lynn,0,0,34,34
1681780075479,BIEB 146,A07,165934,Petrie; Katherine Lynn,2,2,34,32
1681780075479,BIEB 146,A08,165935,Petrie; Katherine Lynn,0,2,34,34
1681780075479,BIEB 146,A09,165936,Petrie; Katherine Lynn,0,0,34,34
1681780075479,BIEB 146,A10,198646,Petrie; Katherine Lynn,0,0,33,33
1681780075479,BIEB 146,A11,198647,Petrie; Katherine Lynn,0,0,34,34
1681780075479,BIEB 146,A12,198648,Petrie; Katherine Lynn,0,3,34,34
1681780075903,BIEB 152,A01,165954,Kryazhimskiy; Sergey A,0,1,33,33
1681780075903,BIEB 152,A02,165955,Kryazhimskiy; Sergey A,1,2,32,31
1681780075903,BIEB 152,A03,165956,Kryazhimskiy; Sergey A,0,1,32,32
1681780075903,BIEB 152,A04,165957,Kryazhimskiy; Sergey A,0,2,33,33
1681780075903,BIEB 152,A05,165958,Kryazhimskiy; Sergey A,0,1,32,32
1681780075903,BIEB 152,A06,165959,Kryazhimskiy; Sergey A,0,1,32,32
1681780075903,BIEB 152,A07,165967,Kryazhimskiy; Sergey A,0,0,34,34
1681780075903,BIEB 152,A08,165968,Kryazhimskiy; Sergey A,0,1,33,33
1681780075903,BIEB 152,A09,198631,Kryazhimskiy; Sergey A,0,0,34,34
1681780075903,BIEB 152,A10,198632,Kryazhimskiy; Sergey A,1,2,33,32
1681780076335,BIEB 154,A01,157756,Stockwell; Sarah R,0,0,24,24
1681780076335,BIEB 154,A02,157757,Stockwell; Sarah R,0,0,24,24
1681780076763,BILD 1,A01,158886,Patrick; Gentry,5,0,32,27
1681780076763,BILD 1,A02,158896,Patrick; Gentry,22,0,32,10
1681780076763,BILD 1,A03,158907,Patrick; Gentry,0,0,32,32
1681780076763,BILD 1,A04,158909,Patrick; Gentry,1,0,32,31
1681780076763,BILD 1,A05,158918,Patrick; Gentry,22,0,32,10
1681780076763,BILD 1,A06,158929,Patrick; Gentry,2,0,32,30
1681780076763,BILD 1,A07,158931,Patrick; Gentry,16,0,32,16
1681780076763,BILD 1,A08,158940,Patrick; Gentry,28,0,32,4
1681780076763,BILD 1,B01,156496,Meaders; Clara Leigh,0,1,32,32
1681780076763,BILD 1,B02,156498,Meaders; Clara Leigh,2,2,32,30
1681780076763,BILD 1,B03,156505,Meaders; Clara Leigh,0,2,32,32
1681780076763,BILD 1,B04,156506,Meaders; Clara Leigh,0,1,32,32
1681780076763,BILD 1,B05,156507,Meaders; Clara Leigh,0,2,32,32
1681780076763,BILD 1,B06,156511,Meaders; Clara Leigh,0,1,32,32
1681780076763,BILD 1,B07,156513,Meaders; Clara Leigh,0,1,32,32
1681780076763,BILD 1,B08,156514,Meaders; Clara Leigh,0,1,32,32
1681780076763,BILD 1,C01,158951,Cooper; Andrew Michael,4,0,32,28
1681780076763,BILD 1,C02,158953,Cooper; Andrew Michael,19,0,32,13
1681780076763,BILD 1,C03,158983,Cooper; Andrew Michael,24,0,32,8
1681780076763,BILD 1,C04,158988,Cooper; Andrew Michael,26,0,32,6
1681780076763,BILD 1,C05,158990,Cooper; Andrew Michael,22,0,32,10
1681780076763,BILD 1,C06,158991,Cooper; Andrew Michael,25,0,32,7
1681780076763,BILD 1,C07,159020,Cooper; Andrew Michael,31,0,32,1
1681780076763,BILD 1,C08,159021,Cooper; Andrew Michael,30,0,32,2
1681780076763,BILD 1,D01,159027,Rusert; Jessica Marie,5,0,32,27
1681780076763,BILD 1,D02,159028,Rusert; Jessica Marie,2,0,32,30
1681780076763,BILD 1,D03,159029,Rusert; Jessica Marie,0,0,32,32
1681780076763,BILD 1,D04,159030,Rusert; Jessica Marie,0,0,32,32
1681780076763,BILD 1,D05,159039,Rusert; Jessica Marie,0,0,32,32
1681780076763,BILD 1,D06,159040,Rusert; Jessica Marie,26,0,32,6
1681780076763,BILD 1,D07,159049,Rusert; Jessica Marie,29,0,32,3
1681780076763,BILD 1,D08,159054,Rusert; Jessica Marie,32,0,32,0
1681780077188,BILD 2,A01,159055,Burg; Michael,0,0,32,32
1681780077188,BILD 2,A02,159066,Burg; Michael,0,1,32,32
1681780077188,BILD 2,A03,159073,Burg; Michael,0,1,32,32
1681780077188,BILD 2,A04,159074,Burg; Michael,1,0,32,31
1681780077188,BILD 2,A05,159131,Burg; Michael,0,0,32,32
1681780077188,BILD 2,A06,159260,Burg; Michael,0,0,32,32
1681780077188,BILD 2,A07,159261,Burg; Michael,0,0,32,32
1681780077188,BILD 2,A08,159262,Burg; Michael,0,0,32,32
1681780077188,BILD 2,B01,157740,Park; Ji Young,0,0,32,32
1681780077188,BILD 2,B02,157741,Park; Ji Young,0,0,32,32
1681780077188,BILD 2,B03,157742,Park; Ji Young,0,0,32,32
1681780077188,BILD 2,B04,157743,Park; Ji Young,0,0,32,32
1681780077188,BILD 2,B05,157744,Park; Ji Young,0,2,32,32
1681780077188,BILD 2,B06,157745,Park; Ji Young,0,0,32,32
1681780077188,BILD 2,B07,157750,Park; Ji Young,19,0,32,13
1681780077188,BILD 2,B08,157751,Park; Ji Young,29,0,32,3
1681780077188,BILD 2,C01,157784,Park; Ji Young,0,1,32,32
1681780077188,BILD 2,C02,157785,Park; Ji Young,0,0,32,32
1681780077188,BILD 2,C03,157796,Park; Ji Young,0,0,32,32
1681780077188,BILD 2,C04,157797,Park; Ji Young,0,0,32,32
1681780077188,BILD 2,C05,157798,Park; Ji Young,0,0,32,32
1681780077188,BILD 2,C06,157799,Park; Ji Young,0,0,32,32
1681780077188,BILD 2,C07,157800,Park; Ji Young,0,0,32,32
1681780077188,BILD 2,C08,157806,Park; Ji Young,7,0,32,25
1681780077613,BILD 3,C01,156473,Stockwell; Sarah R,2,0,33,31
1681780077613,BILD 3,C02,156474,Stockwell; Sarah R,0,1,33,33
1681780077613,BILD 3,C03,156475,Stockwell; Sarah R,0,1,33,33
1681780077613,BILD 3,C04,156477,Stockwell; Sarah R,1,0,33,32
1681780077613,BILD 3,C05,156488,Stockwell; Sarah R,0,1,33,33
1681780077613,BILD 3,C06,156489,Stockwell; Sarah R,0,0,33,33
1681780077613,BILD 3,C07,156491,Stockwell; Sarah R,0,0,32,32
1681780077613,BILD 3,C08,156493,Stockwell; Sarah R,0,0,32,32
1681780077613,BILD 3,C09,156495,Stockwell; Sarah R,0,0,33,33
1681780077613,BILD 3,C10,175130,Stockwell; Sarah R,0,1,32,32
1681780077613,BILD 3,C11,198630,Stockwell; Sarah R,1,0,33,32
1681780077613,BILD 3,D01,163741,Reuther; Keefe,1,1,33,32
1681780077613,BILD 3,D02,163742,Reuther; Keefe,0,0,33,33
1681780077613,BILD 3,D03,163743,Reuther; Keefe,0,0,33,33
1681780077613,BILD 3,D04,163744,Reuther; Keefe,0,0,33,33
1681780077613,BILD 3,D05,163745,Reuther; Keefe,0,1,33,33
1681780077613,BILD 3,D06,163746,Reuther; Keefe,1,0,33,32
1681780077613,BILD 3,D07,163747,Reuther; Keefe,0,0,33,33
1681780077613,BILD 3,D08,163748,Reuther; Keefe,0,0,33,33
1681780077613,BILD 3,D09,163749,Reuther; Keefe,0,0,33,33
1681780077613,BILD 3,D10,175131,Reuther; Keefe,2,1,33,31
1681780078039,BILD 4,A01,148437,Mel; Stephanie,0,1,0,17
1681780078039,BILD 4,A02,148440,Mel; Stephanie,0,0,0,17
1681780078039,BILD 4,A03,148446,Mel; Stephanie,0,0,0,9
1681780078039,BILD 4,A04,148453,Mel; Stephanie,0,0,0,12
1681780078039,BILD 4,A05,148454,Mel; Stephanie,0,0,0,20
1681780078039,BILD 4,A06,148456,Mel; Stephanie,0,0,0,8
1681780078039,BILD 4,A07,148501,Mel; Stephanie,0,0,0,6
1681780078039,BILD 4,A08,148502,Mel; Stephanie,0,0,0,6
1681780078039,BILD 4,B01,148550,Pickett; Brooke Elizabeth,0,0,0,22
1681780078039,BILD 4,B02,148551,Pickett; Brooke Elizabeth,0,0,0,18
1681780078039,BILD 4,B03,148552,Pickett; Brooke Elizabeth,0,0,0,12
1681780078039,BILD 4,B04,148553,Pickett; Brooke Elizabeth,0,0,0,4
1681780078039,BILD 4,B05,148558,Pickett; Brooke Elizabeth,0,1,0,20
1681780078039,BILD 4,B06,148559,Pickett; Brooke Elizabeth,0,0,0,6
1681780078039,BILD 4,B07,148560,Pickett; Brooke Elizabeth,0,0,0,14
1681780078039,BILD 4,B08,148561,Pickett; Brooke Elizabeth,0,0,0,9
1681780078039,BILD 4,C01,148563,Reuther; Keefe,0,0,0,21
1681780078039,BILD 4,C02,148564,Reuther; Keefe,0,0,0,22
1681780078039,BILD 4,C03,148565,Reuther; Keefe,0,0,0,17
1681780078039,BILD 4,C04,148569,Reuther; Keefe,0,0,0,9
1681780078039,BILD 4,C05,148570,Reuther; Keefe,0,0,0,6
1681780078039,BILD 4,C06,148571,Reuther; Keefe,0,0,0,8
1681780078039,BILD 4,C07,148572,Reuther; Keefe,0,0,0,2
1681780078039,BILD 4,C08,148573,Reuther; Keefe,0,0,0,15
1681780078466,BILD 5,A01,159283,Mueller; Liam O'Connor,3,0,32,29
1681780078466,BILD 5,A02,159284,Mueller; Liam O'Connor,5,0,32,27
1681780078894,BILD 20,A01,157762,Pillus; Lorraine,1,1,32,31
1681780078894,BILD 20,A02,157763,Pillus; Lorraine,2,0,32,30
1681780078894,BILD 20,A03,157768,Pillus; Lorraine,1,0,34,33
1681780078894,BILD 20,A04,157769,Pillus; Lorraine,0,0,34,34
1681780079322,BILD 28,A01,159425,Goldrath; Ananda,10,0,32,22
1681780079322,BILD 28,A02,159426,Goldrath; Ananda,3,0,32,29
1681780079322,BILD 28,A03,159427,Goldrath; Ananda,22,0,32,10
1681780079322,BILD 28,A04,159428,Goldrath; Ananda,20,0,32,12
1681780079746,BILD 30,A01,159291,Madigan; Cressida Ariana,0,0,32,32
1681780079746,BILD 30,A02,159292,Madigan; Cressida Ariana,1,0,32,31
1681780079746,BILD 30,A03,159299,Madigan; Cressida Ariana,9,0,32,23
1681780079746,BILD 30,A04,159300,Madigan; Cressida Ariana,24,0,32,8
1681780080181,BILD 42,A01,157818,Mayfield; Stephen P.,2,0,32,30
1681780080181,BILD 42,A02,157830,Mayfield; Stephen P.,1,0,32,31
1681780080181,BILD 42,A03,157835,Mayfield; Stephen P.,0,0,32,32
1681780080606,BILD 61,A01,156517,Rifkin; Scott,0,0,32,32
1681780080606,BILD 61,A02,156520,Rifkin; Scott,1,0,32,31
1681780080606,BILD 61,A03,156521,Rifkin; Scott,3,0,32,29
1681780080606,BILD 61,A04,197903,Rifkin; Scott,4,0,32,28
1681780081030,BILD 83,A00,148648,Pogliano; Joseph,38,0,75,37
1681780081454,BILD 87,A00,148649,Saier; Milton H.,2,0,20,18
1681780081454,BILD 87,B00,148658,Saier; Milton H.,6,0,20,14
1681780081454,BILD 87,C00,148660,Smith; Laurie,3,0,22,19
1681780081882,BILD 99,001,196113,Bier; Ethan,9999,0,9999,0
1681780081882,BILD 99,002,198824,Komiyama; Takaki,9998,0,9999,1
1681780081882,BILD 99,003,200767,Heyman; Gail D.,9998,0,9999,1
1681780081882,BILD 99,004,245926,Hui; Enfu,9998,0,9999,1
1681780082306,BIMM 100,A01,164563,Farley; Emma Kristen,0,0,32,32
1681780082306,BIMM 100,A02,164570,Farley; Emma Kristen,0,1,32,32
1681780082306,BIMM 100,A03,164575,Farley; Emma Kristen,0,0,32,32
1681780082306,BIMM 100,A04,164578,Farley; Emma Kristen,0,1,32,32
1681780082306,BIMM 100,A05,164587,Farley; Emma Kristen,0,0,32,32
1681780082306,BIMM 100,A06,164588,Farley; Emma Kristen,0,1,32,32
1681780082306,BIMM 100,A07,164592,Farley; Emma Kristen,0,1,32,32
1681780082306,BIMM 100,A08,164601,Farley; Emma Kristen,0,0,32,32
1681780082306,BIMM 100,A09,164608,Farley; Emma Kristen,0,0,32,32
1681780082306,BIMM 100,A10,164613,Farley; Emma Kristen,1,0,32,31
1681780082306,BIMM 100,B01,164616,Wildonger; Jill Cathleen,0,0,32,32
1681780082306,BIMM 100,B02,164625,Wildonger; Jill Cathleen,0,1,32,32
1681780082306,BIMM 100,B03,164626,Wildonger; Jill Cathleen,0,0,32,32
1681780082306,BIMM 100,B04,164630,Wildonger; Jill Cathleen,2,1,25,23
1681780082306,BIMM 100,B05,164639,Wildonger; Jill Cathleen,0,0,32,32
1681780082306,BIMM 100,B06,164646,Wildonger; Jill Cathleen,0,0,32,32
1681780082306,BIMM 100,B07,164647,Wildonger; Jill Cathleen,0,0,32,32
1681780082306,BIMM 100,B08,164658,Wildonger; Jill Cathleen,0,0,32,32
1681780082306,BIMM 100,B09,164661,Wildonger; Jill Cathleen,0,0,31,31
1681780082306,BIMM 100,B10,164670,Wildonger; Jill Cathleen,0,0,25,25
1681780082733,BIMM 101,A01,148804,Meaders; Clara Leigh,0,0,0,24
1681780082733,BIMM 101,A02,148812,Meaders; Clara Leigh,0,0,0,23
1681780082733,BIMM 101,B01,148815,McDonnell; Lisa Marie,0,1,0,24
1681780082733,BIMM 101,B02,148817,McDonnell; Lisa Marie,0,1,0,24
1681780082733,BIMM 101,C01,148837,Day; Christopher D,0,0,0,25
1681780082733,BIMM 101,C02,148838,Day; Christopher D,0,0,0,25
1681780082733,BIMM 101,C03,148839,Day; Christopher D,0,0,0,23
1681780082733,BIMM 101,C04,148840,Day; Christopher D,0,0,0,23
1681780082733,BIMM 101,D01,148842,Grossman; Emily N,0,0,0,25
1681780082733,BIMM 101,D02,148843,Grossman; Emily N,0,0,0,25
1681780082733,BIMM 101,D03,148844,Grossman; Emily N,0,1,0,25
1681780082733,BIMM 101,D04,148845,Grossman; Emily N,0,0,0,24
1681780083163,BIMM 110,A01,164671,Niwa; Maho,6,0,32,26
1681780083163,BIMM 110,A02,164675,Niwa; Maho,11,0,32,21
1681780083163,BIMM 110,A03,164684,Niwa; Maho,12,0,32,20
1681780083163,BIMM 110,A04,164691,Niwa; Maho,27,0,30,3
1681780083163,BIMM 110,A05,164694,Niwa; Maho,21,0,32,11
1681780083163,BIMM 110,A06,164697,Niwa; Maho,25,0,32,7
1681780083163,BIMM 110,A07,164706,Niwa; Maho,24,0,32,8
1681780083590,BIMM 120,A01,156455,Pirino; Giorgia,2,0,32,30
1681780083590,BIMM 120,A02,156462,Pirino; Giorgia,0,0,32,32
1681780083590,BIMM 120,A03,156463,Pirino; Giorgia,0,0,33,33
1681780083590,BIMM 120,A04,156465,Pirino; Giorgia,0,0,33,33
1681780083590,BIMM 120,A05,156468,Pirino; Giorgia,1,0,33,32
1681780083590,BIMM 120,A06,156469,Pirino; Giorgia,1,0,32,31
1681780083590,BIMM 120,A07,156470,Pirino; Giorgia,2,0,32,30
1681780084094,BIMM 121,A01,148849,Pickett; Brooke Elizabeth,0,2,0,25
1681780084094,BIMM 121,A02,148850,Pickett; Brooke Elizabeth,0,0,0,24
1681780084094,BIMM 121,B01,148852,Gustafson-Brown; Cindy,0,2,0,22
1681780084094,BIMM 121,B02,148853,Gustafson-Brown; Cindy,0,0,0,24
1681780084094,BIMM 121,B03,148854,Gustafson-Brown; Cindy,0,0,0,24
1681780084094,BIMM 121,B04,148855,Gustafson-Brown; Cindy,0,0,0,24
1681780084094,BIMM 121,C01,148857,Pirino; Giorgia,0,2,0,24
1681780084094,BIMM 121,C02,148858,Pirino; Giorgia,0,1,0,24
1681780084523,BIMM 143,A01,148860,Grant; Barry J,0,2,0,41
1681780084523,BIMM 143,B01,148862,Bozinovic; Goran,0,2,0,38
1681780084523,BIMM 143,C01,175161,Diaz Gay; Marcos,0,0,0,34
1681780084948,BIMM 182,A01,148866,Bafna; Vineet,2,0,50,48
1681780085377,BIMM 194,A00,148867,Goldrath; Ananda,8,5,37,29
1681780085377,BIMM 194,C00,148869,Russell; Alistair B,0,0,27,27
1681780085377,BIMM 194,D00,148870,Lyumkis; Dmitry Evgenievich & Kosuri; Pallav,6,0,27,21
1681780085804,BIPN 100,A01,156522,Reyes Gonzalez; Catalina,1,0,32,31
1681780085804,BIPN 100,A02,156526,Reyes Gonzalez; Catalina,2,0,32,30
1681780085804,BIPN 100,A03,156540,Reyes Gonzalez; Catalina,0,0,32,32
1681780085804,BIPN 100,A04,156541,Reyes Gonzalez; Catalina,2,0,32,30
1681780085804,BIPN 100,A05,156543,Reyes Gonzalez; Catalina,0,0,32,32
1681780085804,BIPN 100,A06,156545,Reyes Gonzalez; Catalina,0,0,32,32
1681780085804,BIPN 100,A07,156548,Reyes Gonzalez; Catalina,1,0,32,31
1681780085804,BIPN 100,A08,156549,Reyes Gonzalez; Catalina,2,0,32,30
1681780085804,BIPN 100,A09,156550,Reyes Gonzalez; Catalina,1,0,32,31
1681780085804,BIPN 100,A10,156557,Reyes Gonzalez; Catalina,0,0,32,32
1681780085804,BIPN 100,B01,156558,Reyes Gonzalez; Catalina,3,0,32,29
1681780085804,BIPN 100,B02,156563,Reyes Gonzalez; Catalina,0,0,32,32
1681780085804,BIPN 100,B03,156564,Reyes Gonzalez; Catalina,0,0,32,32
1681780085804,BIPN 100,B04,156565,Reyes Gonzalez; Catalina,1,0,32,31
1681780085804,BIPN 100,B05,156569,Reyes Gonzalez; Catalina,0,0,32,32
1681780085804,BIPN 100,B06,156583,Reyes Gonzalez; Catalina,14,0,32,18
1681780085804,BIPN 100,B07,156584,Reyes Gonzalez; Catalina,3,0,32,29
1681780085804,BIPN 100,B08,156586,Reyes Gonzalez; Catalina,0,0,31,31
1681780085804,BIPN 100,B09,156588,Reyes Gonzalez; Catalina,1,0,32,31
1681780085804,BIPN 100,B10,156590,Reyes Gonzalez; Catalina,4,0,32,28
1681780086229,BIPN 105,A01,148874,Armour; Jon Christopher,0,0,0,22
1681780086229,BIPN 105,A02,148875,Armour; Jon Christopher,0,0,0,20
1681780086229,BIPN 105,A03,148876,Armour; Jon Christopher,0,0,0,20
1681780086229,BIPN 105,A04,148877,Armour; Jon Christopher,0,0,0,21
1681780086658,BIPN 120,A01,165937,Cooke; James Edward,1,3,34,33
1681780086658,BIPN 120,A02,165938,Cooke; James Edward,0,2,32,32
1681780086658,BIPN 120,A03,165939,Cooke; James Edward,0,2,32,32
1681780086658,BIPN 120,A04,165940,Cooke; James Edward,0,3,32,32
1681780086658,BIPN 120,A05,165941,Cooke; James Edward,1,2,34,33
1681780086658,BIPN 120,A06,165942,Cooke; James Edward,1,2,34,33
1681780086658,BIPN 120,A07,165943,Cooke; James Edward,0,3,32,32
1681780086658,BIPN 120,A08,165944,Cooke; James Edward,0,1,34,34
1681780086658,BIPN 120,A09,165945,Cooke; James Edward,3,2,32,29
1681780086658,BIPN 120,A10,165946,Cooke; James Edward,0,0,32,32
1681780086658,BIPN 120,A11,165947,Cooke; James Edward,0,0,34,34
1681780087085,BIPN 140,A01,157813,Owens; Melinda Tsao-Ying,0,2,34,34
1681780087085,BIPN 140,A02,157814,Owens; Melinda Tsao-Ying,0,1,34,34
1681780087085,BIPN 140,A03,157815,Owens; Melinda Tsao-Ying,0,2,34,34
1681780087085,BIPN 140,A04,157817,Owens; Melinda Tsao-Ying,0,2,34,34
1681780087085,BIPN 140,A05,199215,Owens; Melinda Tsao-Ying,0,3,34,34
1681780087509,BIPN 144,A01,157844,Zou; Yimin,0,1,32,32
1681780087509,BIPN 144,A02,157845,Zou; Yimin,0,1,32,32
1681780087509,BIPN 144,A03,157846,Zou; Yimin,0,0,32,32
1681780087509,BIPN 144,A04,157847,Zou; Yimin,0,2,32,32
1681780087936,BIPN 145,A01,148882,Juavinett; Ashley Lauren,0,0,0,42
1681780087936,BIPN 145,B01,148884,Marino; Marc J,0,1,0,27
1681780087936,BIPN 145,B02,148885,Marino; Marc J,0,0,0,16
1681780088365,BIPN 164,A01,157774,Benna; Marcus K,1,0,32,31
1681780088365,BIPN 164,A02,157775,Benna; Marcus K,7,0,32,25
1681780088365,BIPN 164,A03,157780,Benna; Marcus K,18,0,32,14
1681780088365,BIPN 164,A04,157781,Benna; Marcus K,14,0,32,18
1681780088789,BIPN 194,A00,148887,Glasgow; Stacey Marie,7,0,27,20
1681780088789,BIPN 194,B00,148888,Jin; Yishi,9,0,27,18
1681780088789,BIPN 194,C00,148889,Meharena; Hiruy Sibhatu,5,0,27,22
1681780088789,BIPN 194,D00,148890,Malinow; Roberto,14,0,27,13
1681780089215,BISP 170,A00,148891,French; Kathleen Ann,1,0,35,34
1681780089646,BISP 182,A00,148892,Pogliano; Joseph,9992,0,9999,7
1681780090070,BISP 193,001,194646,Lo; Stanley M.,9995,0,9999,4
1681780090070,BISP 193,002,200096,Juavinett; Ashley Lauren,9998,0,9999,1
1681780090494,BISP 194,A00,148893,Chisholm; Andrew D.,0,3,27,27
1681780090494,BISP 194,B00,148894,Estelle; Mark,4,4,31,27
1681780090928,BISP 196,001,202877,Leutgeb; Stefan,9998,0,9999,1
1681780090928,BISP 196,002,202880,Jin; Yishi,9998,0,9999,1
1681780090928,BISP 196,003,202881,Muroyama; Andrew David,9997,0,9999,2
1681780090928,BISP 196,004,202917,Daneman; Richard,9998,0,9999,1
1681780090928,BISP 196,005,202923,Croft; Michael,9998,0,9999,1
1681780090928,BISP 196,006,202926,Callaway; Edward M,9998,0,9999,1
1681780090928,BISP 196,007,203021,Perry; Michael William,9998,0,9999,1
1681780090928,BISP 196,008,203022,Crotty Alexander; Laura E,9998,0,9999,1
1681780090928,BISP 196,009,203046,Gleeson; Joseph Gerard,9997,0,9999,2
1681780090928,BISP 196,010,203047,Root; Cory Matthew,9998,0,9999,1
1681780090928,BISP 196,011,203048,Lykke-Andersen; Jens,9998,0,9999,1
1681780090928,BISP 196,012,203049,Greenspan; Ralph J.,9998,0,9999,1
1681780090928,BISP 196,013,203050,Allen; Nicola J,9998,0,9999,1
1681780090928,BISP 196,014,203052,Jiang; Qingfei,9998,0,9999,1
1681780090928,BISP 196,015,203053,Bloodgood; Brenda Laurie,9998,0,9999,1
1681780090928,BISP 196,016,205354,Rana; Tariq,9997,0,9999,2
1681780090928,BISP 196,017,205355,Welsbie; Derek,9996,0,9999,3
1681780090928,BISP 196,018,205356,Zou; Yimin,9998,0,9999,1
1681780090928,BISP 196,019,205357,Non; Amy L,9998,0,9999,1
1681780090928,BISP 196,020,205358,Ravits; John M.,9998,0,9999,1
1681780090928,BISP 196,021,205359,Halpain; Shelley,9998,0,9999,1
1681780090928,BISP 196,022,205360,Thackray; Varykina G.,9998,0,9999,1
1681780090928,BISP 196,023,205379,Troemel; Emily Ruth,9998,0,9999,1
1681780090928,BISP 196,024,205380,Achim; Cristian L,9998,0,9999,1
1681780090928,BISP 196,025,205381,Towers; Christina Garlingt,9998,0,9999,1
1681780090928,BISP 196,026,205382,Corey-Bloom; Jody P,9998,0,9999,1
1681780090928,BISP 196,027,205383,Wahlin; Karl Jonas,9998,0,9999,1
1681780090928,BISP 196,028,205389,Akbari; Omar Sultan,9998,0,9999,1
1681780090928,BISP 196,029,210248,Pruneda-Paz; Jose L.,9998,0,9999,1
1681780090928,BISP 196,030,225379,McCarthy; Michael Joseph,9998,0,9999,1
1681780090928,BISP 196,031,225542,Zengler; Karsten B,9998,0,9999,1
1681780090928,BISP 196,032,225703,Goren; Alon M,9998,0,9999,1
1681780090928,BISP 196,033,225817,Sigurdson; Christina,9998,0,9999,1
1681780090928,BISP 196,034,225834,Chen; Chi-Hua,9998,0,9999,1
1681780090928,BISP 196,035,226233,Alexandrov; Ludmil B,9998,0,9999,1
1681780090928,BISP 196,036,226234,Yeo; Eugene Wei-Ming,9998,0,9999,1
1681780090928,BISP 196,037,226241,Jernigan; Terry Lynne,9998,0,9999,1
1681780090928,BISP 196,038,226286,Rissman; Robert Andrew,9998,0,9999,1
1681780090928,BISP 196,039,226306,Cheresh; David A.,9998,0,9999,1
1681780090928,BISP 196,040,226341,Yelon; Deborah,9998,0,9999,1
1681780090928,BISP 196,041,231987,Zhang; Jin,9998,0,9999,1
1681780090928,BISP 196,042,254993,Decima; Moira R.,9998,0,9999,1
1681780090928,BISP 196,043,255893,Kipps; Thomas J,9998,0,9999,1
1681780091351,BISP 197,001,195940,Wilhelm; James E.,9968,0,9999,31
1681780091351,BISP 197,002,198721,Mesarwi; Omar Abdul-Wahab,9998,0,9999,1
1681780091351,BISP 197,003,198924,Bloodgood; Brenda Laurie,9998,0,9999,1
1681780091795,CAT 3,A01,127208,Marchisotto; Jennifer Anne,0,0,15,15
1681780091795,CAT 3,A02,127217,Marchisotto; Jennifer Anne,0,0,15,15
1681780091795,CAT 3,A03,127218,Marchisotto; Jennifer Anne,0,0,15,15
1681780091795,CAT 3,A04,127219,Marchisotto; Jennifer Anne,0,0,15,15
1681780091795,CAT 3,A05,127220,Marchisotto; Jennifer Anne,0,0,15,15
1681780091795,CAT 3,A06,127227,Marchisotto; Jennifer Anne,0,0,15,15
1681780091795,CAT 3,A07,127228,Marchisotto; Jennifer Anne,0,1,15,15
1681780091795,CAT 3,A08,127251,Marchisotto; Jennifer Anne,0,0,15,15
1681780091795,CAT 3,A09,127272,Marchisotto; Jennifer Anne,0,0,15,15
1681780091795,CAT 3,A10,127293,Marchisotto; Jennifer Anne,0,0,15,15
1681780091795,CAT 3,A11,127314,Marchisotto; Jennifer Anne,0,0,15,15
1681780091795,CAT 3,A12,127356,Marchisotto; Jennifer Anne,0,0,14,15
1681780091795,CAT 3,A13,127357,Marchisotto; Jennifer Anne,0,0,15,15
1681780091795,CAT 3,A14,127358,Marchisotto; Jennifer Anne,0,1,15,15
1681780091795,CAT 3,A15,127361,Marchisotto; Jennifer Anne,0,0,15,15
1681780091795,CAT 3,A16,127362,Marchisotto; Jennifer Anne,0,0,15,15
1681780091795,CAT 3,A17,127363,Marchisotto; Jennifer Anne,0,0,15,15
1681780091795,CAT 3,A18,127365,Marchisotto; Jennifer Anne,0,0,15,15
1681780091795,CAT 3,B01,127367,Delaville; Romain,3,0,15,12
1681780091795,CAT 3,B02,127368,Delaville; Romain,0,0,15,15
1681780091795,CAT 3,B03,127369,Delaville; Romain,0,0,15,15
1681780091795,CAT 3,B04,127370,Delaville; Romain,0,0,15,15
1681780091795,CAT 3,B05,127371,Delaville; Romain,0,0,15,15
1681780091795,CAT 3,B06,127372,Delaville; Romain,0,0,15,15
1681780091795,CAT 3,B07,127373,Delaville; Romain,0,0,15,15
1681780091795,CAT 3,B08,127374,Delaville; Romain,0,0,15,15
1681780091795,CAT 3,B09,127376,Delaville; Romain,0,0,15,15
1681780091795,CAT 3,B10,127377,Delaville; Romain,2,0,15,13
1681780091795,CAT 3,B11,127378,Delaville; Romain,0,0,15,15
1681780091795,CAT 3,B12,127379,Delaville; Romain,0,0,15,15
1681780091795,CAT 3,B13,127380,Delaville; Romain,0,0,15,15
1681780091795,CAT 3,B14,127381,Delaville; Romain,1,0,15,14
1681780091795,CAT 3,B15,127383,Delaville; Romain,0,0,15,15
1681780091795,CAT 3,B16,127384,Delaville; Romain,1,0,15,14
1681780091795,CAT 3,B17,127385,Delaville; Romain,0,0,15,15
1681780091795,CAT 3,B18,127386,Delaville; Romain,0,0,15,15
1681780091795,CAT 3,C01,127389,Gumm; Elizabeth Ashley,0,0,15,15
1681780091795,CAT 3,C02,127390,Gumm; Elizabeth Ashley,0,0,15,15
1681780091795,CAT 3,C03,127416,Gumm; Elizabeth Ashley,0,0,15,15
1681780091795,CAT 3,C04,127417,Gumm; Elizabeth Ashley,0,0,15,15
1681780091795,CAT 3,C05,127418,Gumm; Elizabeth Ashley,0,0,15,15
1681780091795,CAT 3,C06,127420,Gumm; Elizabeth Ashley,0,0,15,15
1681780091795,CAT 3,C07,127421,Gumm; Elizabeth Ashley,0,0,15,15
1681780091795,CAT 3,C08,127422,Gumm; Elizabeth Ashley,0,0,15,15
1681780091795,CAT 3,C09,127425,Gumm; Elizabeth Ashley,0,0,15,15
1681780091795,CAT 3,C10,127454,Gumm; Elizabeth Ashley,0,0,15,15
1681780091795,CAT 3,C12,127456,Gumm; Elizabeth Ashley,0,0,15,15
1681780091795,CAT 3,C13,127457,Gumm; Elizabeth Ashley,0,0,15,15
1681780091795,CAT 3,C15,127466,Gumm; Elizabeth Ashley,0,0,15,15
1681780091795,CAT 3,C16,127467,Gumm; Elizabeth Ashley,0,0,15,15
1681780091795,CAT 3,C20,127491,Gumm; Elizabeth Ashley,0,0,15,15
1681780091795,CAT 3,D01,127518,Bigham; David Joseph,0,0,15,15
1681780091795,CAT 3,D02,127519,Bigham; David Joseph,0,0,15,15
1681780091795,CAT 3,D03,127520,Bigham; David Joseph,0,0,15,15
1681780091795,CAT 3,D04,127521,Bigham; David Joseph,0,0,15,15
1681780091795,CAT 3,D05,127522,Bigham; David Joseph,0,0,15,15
1681780091795,CAT 3,D06,127523,Bigham; David Joseph,0,0,15,15
1681780091795,CAT 3,D07,127549,Bigham; David Joseph,0,0,15,15
1681780091795,CAT 3,D08,127550,Bigham; David Joseph,0,0,15,15
1681780091795,CAT 3,D09,127551,Bigham; David Joseph,0,0,15,15
1681780091795,CAT 3,D10,127552,Bigham; David Joseph,0,0,15,15
1681780091795,CAT 3,D11,127553,Bigham; David Joseph,0,0,15,15
1681780091795,CAT 3,D12,127554,Bigham; David Joseph,0,0,15,15
1681780091795,CAT 3,E02,127582,Bronstein; Phoebe Malan,0,0,23,23
1681780092220,CAT 124,A01,127584,Geibel; William,2,0,20,18
1681780092220,CAT 124,B01,127586,Knight; Amy,2,0,15,13
1681780092643,CAT 125,001,127587,Bigham; David Joseph,0,1,20,20
1681780092643,CAT 125,002,127596,Bigham; David Joseph,0,0,20,20
1681780092643,CAT 125,003,127597,Marchisotto; Jennifer Anne,0,2,20,20
1681780092643,CAT 125,004,127600,Vanderschuit; Maya Alysia,0,0,20,20
1681780092643,CAT 125,005,127601,Vanderschuit; Maya Alysia,0,1,20,20
1681780092643,CAT 125,006,127602,Vanderschuit; Maya Alysia,0,0,20,20
1681780092643,CAT 125,007,127605,Tosun; Adriana,0,0,20,20
1681780092643,CAT 125,008,127606,Tosun; Adriana,1,0,20,19
1681780092643,CAT 125,009,127607,Irwin; Matthew Joseph,0,0,20,20
1681780092643,CAT 125,010,127610,Irwin; Matthew Joseph,0,0,20,21
1681780092643,CAT 125,011,127611,Morales; Celeste Georgianna,1,0,20,19
1681780092643,CAT 125,012,127612,Morales; Celeste Georgianna,0,0,20,20
1681780092643,CAT 125,013,127615,Morales; Celeste Georgianna,0,0,20,20
1681780093067,CAT 125R,A00,127616,Hyland; Tina Mae,0,1,20,20
1681780093067,CAT 125R,B00,127617,Hyland; Tina Mae,0,2,20,20
1681780093067,CAT 125R,C00,127618,Hyland; Tina Mae,0,2,20,20
1681780093067,CAT 125R,D00,127620,Smith; Lauryn Alissa,1,1,20,19
1681780093067,CAT 125R,E00,127625,Smith; Lauryn Alissa,0,1,20,20
1681780093067,CAT 125R,F00,127626,Smith; Lauryn Alissa,0,3,20,20
1681780093067,CAT 125R,G00,127629,Tosun; Adriana,0,2,20,20
1681780093490,CCS 197,001,253481,Coimbra; Carlos F.,9999,0,9999,0
1681780093490,CCS 197,002,258148,Hetherington; Elizabeth Dorsey,9998,0,9999,1
1681780093917,CENG 101B,A00,121708,Chen; Shaochen,42,0,60,18
1681780094346,CENG 101C,A00,121709,Opatkiewicz; Justin Paul,30,0,75,45
1681780094346,CENG 101C,B00,121710,Powell; Alyssa,24,0,75,51
1681780094772,CENG 113,A00,121711,Drews; Aaron,17,0,140,123
1681780095199,CENG 124B,A00,121712,Powell; Alyssa & Russ; Benjamin Edward,1,0,92,91
1681780095625,CENG 157,A00,121714,Opatkiewicz; Justin Paul,1,0,57,56
1681780096047,CENG 170,A01,121716,Drews; Aaron,0,1,30,30
1681780096470,CENG 175,A00,121718,Steinmetz; Nicole F,0,1,35,35
1681780096895,CENG 176B,A01,121722,Zhang; Liangfang,0,0,48,48
1681780096895,CENG 176B,B01,121955,Shah; Nisarg,5,0,49,44
1681780097317,CGS 87,A00,127099,Hankins; Joseph D.,6,0,20,14
1681780097742,CGS 100B,A00,127101,Hankins; Joseph D.,2,0,31,29
1681780098587,CGS 112,A00,127110,Martin Sandino; Amanda Maria Yoland,0,2,34,34
1681780099437,CGS 117,A00,127115,Kang; Byung Chu,0,0,10,10
1681780099862,CGS 118,A00,127117,Katz; Hazel,0,0,28,28
1681780100717,CGS 137,A00,127133,Martin Sandino; Amanda Maria Yoland,1,0,22,21
1681780101144,CGS 150,A00,127155,Taylor-Garcia; Daphne,0,0,14,14
1681780101573,CGS 196B,A00,127156,Espiritu; Yen,0,0,1,1
1681780101573,CGS 196B,B00,127157,Perez; Roy,0,0,1,1
1681780101573,CGS 196B,C00,127158,Sasaki; Christen T,0,0,1,1
1681780101573,CGS 196B,D00,127165,Anderson; Patrick W.,0,0,1,1
1681780101573,CGS 196B,E00,127200,Jolivette; Andrew J,0,0,1,1
1681780101999,CGS 198,001,127201,Anderson; Patrick W.,2,0,10,8
1681780101999,CGS 198,002,127202,Anderson; Patrick W.,3,0,10,7
1681780101999,CGS 198,003,127203,Anderson; Patrick W.,1,0,10,9
1681780101999,CGS 198,004,127204,Anderson; Patrick W.,10,0,10,0
1681780102425,CHEM 6A,A01,156430,Deshmukh; Lalit,0,2,40,40
1681780102425,CHEM 6A,A02,156431,Deshmukh; Lalit,0,1,40,40
1681780102425,CHEM 6A,A03,156432,Deshmukh; Lalit,1,0,40,39
1681780102425,CHEM 6A,A05,156442,Deshmukh; Lalit,0,2,40,40
1681780102425,CHEM 6A,A06,156445,Deshmukh; Lalit,0,1,40,40
1681780102425,CHEM 6A,A07,179334,Deshmukh; Lalit,1,0,40,39
1681780102425,CHEM 6A,A08,179335,Deshmukh; Lalit,0,1,40,40
1681780102857,CHEM 6B,A01,156353,Young; Mark,0,0,40,40
1681780102857,CHEM 6B,A02,156360,Young; Mark,1,0,40,39
1681780102857,CHEM 6B,A03,156361,Young; Mark,0,0,40,40
1681780102857,CHEM 6B,A04,156362,Young; Mark,0,0,40,40
1681780102857,CHEM 6B,A05,156363,Young; Mark,0,0,40,40
1681780102857,CHEM 6B,A06,156371,Young; Mark,14,0,40,26
1681780102857,CHEM 6B,B01,158431,Hopkins; Patrycja Anna,0,4,40,41
1681780102857,CHEM 6B,B02,158432,Hopkins; Patrycja Anna,0,2,40,40
1681780102857,CHEM 6B,B03,158433,Hopkins; Patrycja Anna,0,4,40,40
1681780102857,CHEM 6B,B04,158447,Hopkins; Patrycja Anna,0,2,40,40
1681780102857,CHEM 6B,B05,158452,Hopkins; Patrycja Anna,0,2,40,40
1681780102857,CHEM 6B,B06,158466,Hopkins; Patrycja Anna,0,5,40,40
1681780103294,CHEM 6C,A01,157570,Albizati; Kim F.,23,0,39,16
1681780103294,CHEM 6C,A02,157571,Albizati; Kim F.,1,0,40,39
1681780103294,CHEM 6C,A03,157572,Albizati; Kim F.,1,0,40,39
1681780103294,CHEM 6C,A04,157573,Albizati; Kim F.,2,0,40,38
1681780103294,CHEM 6C,A05,157574,Albizati; Kim F.,1,0,40,39
1681780103294,CHEM 6C,A06,157575,Albizati; Kim F.,2,0,40,38
1681780103294,CHEM 6C,A07,157576,Albizati; Kim F.,7,0,40,33
1681780103294,CHEM 6C,B01,158496,Hopkins; Patrycja Anna,2,0,40,38
1681780103294,CHEM 6C,B02,158499,Hopkins; Patrycja Anna,0,0,40,40
1681780103294,CHEM 6C,B03,158500,Hopkins; Patrycja Anna,8,0,40,32
1681780103294,CHEM 6C,B04,158505,Hopkins; Patrycja Anna,16,0,40,24
1681780103294,CHEM 6C,B05,158506,Hopkins; Patrycja Anna,16,0,40,24
1681780103294,CHEM 6C,B06,158519,Hopkins; Patrycja Anna,28,0,39,11
1681780103294,CHEM 6C,B07,158573,Hopkins; Patrycja Anna,0,0,40,40
1681780103294,CHEM 6C,C01,157579,Brydges; Stacey,0,1,40,40
1681780103294,CHEM 6C,C02,157580,Brydges; Stacey,0,0,40,40
1681780103294,CHEM 6C,C03,157581,Brydges; Stacey,0,0,40,41
1681780103294,CHEM 6C,C06,157584,Brydges; Stacey,1,0,40,39
1681780103294,CHEM 6C,C07,157585,Brydges; Stacey,0,0,40,40
1681780103294,CHEM 6C,C08,157586,Brydges; Stacey,0,0,40,40
1681780103294,CHEM 6C,C09,157590,Brydges; Stacey,0,0,40,40
1681780103294,CHEM 6C,D01,158685,Stallings; Dontarie M,0,0,40,40
1681780103294,CHEM 6C,D02,158688,Stallings; Dontarie M,0,0,40,40
1681780103294,CHEM 6C,D03,158711,Stallings; Dontarie M,0,0,40,40
1681780103294,CHEM 6C,D04,158712,Stallings; Dontarie M,0,0,40,40
1681780103294,CHEM 6C,D05,158717,Stallings; Dontarie M,0,0,40,40
1681780103294,CHEM 6C,D06,158724,Stallings; Dontarie M,0,0,40,40
1681780103294,CHEM 6C,D07,158725,Stallings; Dontarie M,0,0,40,40
1681780103294,CHEM 6C,E01,156344,Bussey; Thomas J,15,0,40,25
1681780103294,CHEM 6C,E02,156345,Bussey; Thomas J,3,0,40,37
1681780103294,CHEM 6C,E03,156346,Bussey; Thomas J,21,0,40,19
1681780103294,CHEM 6C,E04,156347,Bussey; Thomas J,0,0,40,40
1681780103294,CHEM 6C,E05,156348,Bussey; Thomas J,1,0,40,39
1681780103294,CHEM 6C,E06,156349,Bussey; Thomas J,7,0,40,33
1681780103294,CHEM 6C,E07,156350,Bussey; Thomas J,26,0,40,14
1681780103724,CHEM 6CH,A01,156446,Kubiak; Clifford Paul,14,0,40,26
1681780104151,CHEM 7L,A01,126658,Schurmeier; Kimberly,0,0,0,23
1681780104151,CHEM 7L,A02,126660,Schurmeier; Kimberly,0,0,0,24
1681780104151,CHEM 7L,A03,126663,Schurmeier; Kimberly,0,1,0,24
1681780104151,CHEM 7L,A04,126665,Schurmeier; Kimberly,0,2,0,23
1681780104151,CHEM 7L,A05,126669,Schurmeier; Kimberly,0,0,0,23
1681780104151,CHEM 7L,A06,126671,Schurmeier; Kimberly,0,1,0,24
1681780104151,CHEM 7L,A07,126680,Schurmeier; Kimberly,0,1,0,24
1681780104151,CHEM 7L,A08,126687,Schurmeier; Kimberly,0,1,0,24
1681780104151,CHEM 7L,A09,126692,Schurmeier; Kimberly,0,1,0,24
1681780104151,CHEM 7L,A10,126695,Schurmeier; Kimberly,0,1,0,23
1681780104151,CHEM 7L,B01,126708,Schurmeier; Kimberly,0,1,0,23
1681780104151,CHEM 7L,B02,126709,Schurmeier; Kimberly,0,1,0,23
1681780104151,CHEM 7L,B03,126713,Schurmeier; Kimberly,0,0,0,24
1681780104151,CHEM 7L,B04,126716,Schurmeier; Kimberly,0,1,0,24
1681780104151,CHEM 7L,B05,126717,Schurmeier; Kimberly,0,0,0,24
1681780104151,CHEM 7L,B06,126718,Schurmeier; Kimberly,0,0,0,23
1681780104151,CHEM 7L,B07,126721,Schurmeier; Kimberly,0,0,0,24
1681780104151,CHEM 7L,B08,126723,Schurmeier; Kimberly,0,0,0,21
1681780104151,CHEM 7L,B09,126724,Schurmeier; Kimberly,0,1,0,24
1681780104151,CHEM 7L,B10,126725,Schurmeier; Kimberly,0,1,0,24
1681780104580,CHEM 7LM,A01,126727,Leigh; Brian,0,0,0,24
1681780104580,CHEM 7LM,A02,126728,Leigh; Brian,0,0,0,21
1681780104580,CHEM 7LM,A03,126731,Leigh; Brian,0,0,0,24
1681780104580,CHEM 7LM,A04,126732,Leigh; Brian,0,0,0,20
1681780104580,CHEM 7LM,A05,126733,Leigh; Brian,0,0,0,24
1681780104580,CHEM 7LM,A06,126736,Leigh; Brian,0,0,0,21
1681780104580,CHEM 7LM,A07,126740,Leigh; Brian,0,0,0,24
1681780104580,CHEM 7LM,A08,126741,Leigh; Brian,0,0,0,21
1681780104580,CHEM 7LM,A09,126742,Leigh; Brian,0,0,0,0
1681780104580,CHEM 7LM,A10,126743,Leigh; Brian,0,0,0,0
1681780105011,CHEM 11,A01,158383,Mrse; Anthony Adrian,0,1,42,42
1681780105011,CHEM 11,A02,158384,Mrse; Anthony Adrian,0,0,42,42
1681780105011,CHEM 11,A03,158386,Mrse; Anthony Adrian,0,0,42,42
1681780105011,CHEM 11,A04,158387,Mrse; Anthony Adrian,1,0,42,41
1681780105011,CHEM 11,A06,158406,Mrse; Anthony Adrian,1,0,42,41
1681780105011,CHEM 11,A07,158407,Mrse; Anthony Adrian,0,0,42,42
1681780105439,CHEM 40A,A01,157623,Albizati; Kim F.,0,5,42,42
1681780105439,CHEM 40A,A02,157624,Albizati; Kim F.,0,3,42,42
1681780105439,CHEM 40A,A03,157625,Albizati; Kim F.,0,4,42,42
1681780105439,CHEM 40A,A04,157626,Albizati; Kim F.,0,3,42,42
1681780105439,CHEM 40A,A05,157627,Albizati; Kim F.,0,3,42,42
1681780105439,CHEM 40A,A06,157628,Albizati; Kim F.,1,2,42,41
1681780105439,CHEM 40A,A07,157629,Albizati; Kim F.,0,3,42,42
1681780105880,CHEM 40B,A01,163775,Jazzar; Rodolphe,0,0,40,40
1681780105880,CHEM 40B,A02,163776,Jazzar; Rodolphe,0,0,40,40
1681780105880,CHEM 40B,A03,163777,Jazzar; Rodolphe,0,0,40,40
1681780105880,CHEM 40B,A04,163778,Jazzar; Rodolphe,1,0,40,39
1681780105880,CHEM 40B,A05,163779,Jazzar; Rodolphe,0,0,40,40
1681780105880,CHEM 40B,A06,163780,Jazzar; Rodolphe,0,0,40,40
1681780105880,CHEM 40B,A07,163834,Jazzar; Rodolphe,0,0,40,40
1681780105880,CHEM 40B,A08,163835,Jazzar; Rodolphe,0,0,40,41
1681780105880,CHEM 40B,B01,163837,Jazzar; Rodolphe,1,0,40,39
1681780105880,CHEM 40B,B02,163838,Jazzar; Rodolphe,1,0,40,39
1681780105880,CHEM 40B,B03,163839,Jazzar; Rodolphe,1,0,40,39
1681780105880,CHEM 40B,B04,163840,Jazzar; Rodolphe,0,0,40,40
1681780105880,CHEM 40B,B05,163841,Jazzar; Rodolphe,0,0,40,40
1681780105880,CHEM 40B,B06,163842,Jazzar; Rodolphe,10,0,37,27
1681780105880,CHEM 40B,B07,163843,Jazzar; Rodolphe,0,0,40,40
1681780105880,CHEM 40B,B08,163844,Jazzar; Rodolphe,0,0,40,40
1681780106304,CHEM 40C,A01,158471,Tor; Yitzhak,8,0,39,31
1681780106304,CHEM 40C,A02,158473,Tor; Yitzhak,12,0,40,28
1681780106304,CHEM 40C,A03,158474,Tor; Yitzhak,8,0,40,32
1681780106304,CHEM 40C,A04,158478,Tor; Yitzhak,26,0,40,14
1681780106304,CHEM 40C,A05,158479,Tor; Yitzhak,27,0,40,13
1681780106304,CHEM 40C,A06,158480,Tor; Yitzhak,10,0,40,30
1681780106729,CHEM 41C,A01,163846,Romero; Nathan A,1,0,44,43
1681780106729,CHEM 41C,A02,163847,Romero; Nathan A,1,0,44,43
1681780106729,CHEM 41C,A03,163848,Romero; Nathan A,6,0,44,38
1681780106729,CHEM 41C,A05,163850,Romero; Nathan A,1,0,44,43
1681780106729,CHEM 41C,A06,163851,Romero; Nathan A,13,0,44,31
1681780106729,CHEM 41C,A07,163852,Romero; Nathan A,5,0,44,39
1681780107157,CHEM 43A,A01,126754,Lam; Tin Yiu,0,0,0,23
1681780107157,CHEM 43A,A02,126755,Lam; Tin Yiu,0,0,0,23
1681780107157,CHEM 43A,A03,126756,Lam; Tin Yiu,0,0,0,23
1681780107157,CHEM 43A,A04,126757,Lam; Tin Yiu,0,0,0,22
1681780107157,CHEM 43A,A05,126758,Lam; Tin Yiu,0,0,0,24
1681780107157,CHEM 43A,A06,126759,Lam; Tin Yiu,0,0,0,23
1681780107157,CHEM 43A,A07,126760,Lam; Tin Yiu,0,0,0,23
1681780107157,CHEM 43A,A08,126761,Lam; Tin Yiu,0,0,0,23
1681780107157,CHEM 43A,A09,126762,Lam; Tin Yiu,0,0,0,24
1681780107157,CHEM 43A,A10,126763,Lam; Tin Yiu,0,0,0,23
1681780107157,CHEM 43A,A11,126764,Lam; Tin Yiu,0,0,0,21
1681780107157,CHEM 43A,A12,126765,Lam; Tin Yiu,0,0,0,21
1681780107157,CHEM 43A,A13,126766,Lam; Tin Yiu,0,0,0,0
1681780107157,CHEM 43A,B01,126768,Lam; Tin Yiu,0,0,0,0
1681780107157,CHEM 43A,B02,126769,Lam; Tin Yiu,0,0,0,22
1681780107157,CHEM 43A,B03,126770,Lam; Tin Yiu,0,0,0,24
1681780107157,CHEM 43A,B04,126771,Lam; Tin Yiu,0,0,0,23
1681780107157,CHEM 43A,B05,126772,Lam; Tin Yiu,0,0,0,24
1681780107157,CHEM 43A,B06,126773,Lam; Tin Yiu,0,1,0,24
1681780107157,CHEM 43A,B07,126774,Lam; Tin Yiu,0,0,0,21
1681780107157,CHEM 43A,B08,126775,Lam; Tin Yiu,0,0,0,22
1681780107157,CHEM 43A,B09,126776,Lam; Tin Yiu,0,0,0,24
1681780107157,CHEM 43A,B10,126777,Lam; Tin Yiu,0,0,0,22
1681780107157,CHEM 43A,B11,126778,Lam; Tin Yiu,0,0,0,23
1681780107157,CHEM 43A,B12,126779,Lam; Tin Yiu,0,0,0,21
1681780107580,CHEM 87,A00,168356,Kim; Judy E.,3,0,24,21
1681780108005,CHEM 96,A00,126780,Bussey; Thomas J,13,0,25,12
1681780108441,CHEM 99,001,258019,Figueroa; Joshua,9998,0,9999,1
1681780108441,CHEM 99,002,258020,Pun; Andrew Brian,9998,0,9999,1
1681780108441,CHEM 99,003,258044,Grassian; Vicki Helene,9998,0,9999,1
1681780108876,CHEM 100A,A01,126782,Li; Shaowei,0,0,0,19
1681780108876,CHEM 100A,A02,126783,Li; Shaowei,0,0,0,17
1681780108876,CHEM 100A,A03,126784,Li; Shaowei,0,0,0,24
1681780108876,CHEM 100A,A04,126786,Li; Shaowei,0,0,0,24
1681780108876,CHEM 100A,A05,126788,Li; Shaowei,0,0,0,22
1681780108876,CHEM 100A,A06,126789,Li; Shaowei,0,0,0,0
1681780109303,CHEM 100B,A01,126797,Pomeroy; Robert S.,0,0,0,30
1681780109731,CHEM 105A,A01,126804,Sinha; Amitabha,0,0,0,18
1681780109731,CHEM 105A,B01,126806,Sinha; Amitabha,0,0,0,38
1681780110160,CHEM 108,A01,126811,Jennings; Patricia A.,0,0,0,24
1681780110160,CHEM 108,A02,126812,Jennings; Patricia A.,0,0,0,24
1681780110160,CHEM 108,B01,126815,Jennings; Patricia A.,0,0,0,24
1681780110160,CHEM 108,B02,126817,Jennings; Patricia A.,0,0,0,20
1681780110584,CHEM 109,A01,126825,Muller; Ulrich K.,0,0,0,23
1681780110584,CHEM 109,A02,126826,Muller; Ulrich K.,0,0,0,24
1681780110584,CHEM 109,B01,126842,Muller; Ulrich K.,0,0,0,22
1681780110584,CHEM 109,B02,126843,Muller; Ulrich K.,0,0,0,22
1681780111012,CHEM 111,A00,185979,Thiemens; Mark H,2,0,105,103
1681780111438,CHEM 114B,A01,157638,Mishanina; Tatiana V,0,1,45,45
1681780111438,CHEM 114B,A04,157641,Mishanina; Tatiana V,0,0,45,45
1681780111865,CHEM 114C,A01,156450,Wang; Wei,0,1,41,41
1681780111865,CHEM 114C,A02,156452,Wang; Wei,0,0,42,42
1681780111865,CHEM 114C,A03,156453,Wang; Wei,0,1,40,41
1681780111865,CHEM 114C,A04,156454,Wang; Wei,0,3,40,40
1681780112290,CHEM 114D,A00,126848,Ghosh; Gourisankar,20,0,30,10
1681780112721,CHEM 118,A01,156397,Donoghue; Daniel J.,0,1,40,40
1681780112721,CHEM 118,A02,156400,Donoghue; Daniel J.,0,0,40,40
1681780112721,CHEM 118,A03,156401,Donoghue; Daniel J.,0,0,40,40
1681780112721,CHEM 118,A04,156403,Donoghue; Daniel J.,0,0,40,40
1681780112721,CHEM 118,A05,156404,Donoghue; Daniel J.,0,0,40,40
1681780112721,CHEM 118,A06,156405,Donoghue; Daniel J.,0,0,32,32
1681780113149,CHEM 119,A01,156415,Joseph; Simpson,10,0,40,30
1681780113573,CHEM 120B,A01,157630,Rinehart; Jeffrey Dennis,0,0,40,40
1681780113573,CHEM 120B,A02,157634,Rinehart; Jeffrey Dennis,2,0,40,38
1681780113573,CHEM 120B,A03,157635,Rinehart; Jeffrey Dennis,15,0,40,25
1681780114000,CHEM 123,A00,126852,Schimpf; Alina M,0,0,0,14
1681780114422,CHEM 126B,A01,157591,Kim; Judy E.,9,0,40,31
1681780114422,CHEM 126B,A02,157592,Kim; Judy E.,8,0,40,32
1681780114422,CHEM 126B,A03,157593,Kim; Judy E.,0,0,40,40
1681780114847,CHEM 132,A01,158408,Xiong; Wei,0,0,45,45
1681780114847,CHEM 132,A02,158410,Xiong; Wei,3,0,45,42
1681780115271,CHEM 135,A01,126856,Xiong; Wei,9,0,15,6
1681780115694,CHEM 143B,A01,126860,Weizman; Haim,0,0,0,13
1681780115694,CHEM 143B,A03,126866,Weizman; Haim,0,0,0,16
1681780115694,CHEM 143B,A04,126876,Weizman; Haim,0,0,0,0
1681780116543,CHEM 156,A00,126927,Romero; Erik Anthony,12,0,30,18
1681780116971,CHEM 157,A00,126928,Burkart; Michael D,15,0,80,65
1681780117396,CHEM 158,A00,126929,Molinski; Tadeusz,8,0,15,7
1681780117822,CHEM 165,A01,127001,Herzik; Mark Anthony,3,0,25,22
1681780118259,CHEM 167,A01,156372,Deshmukh; Lalit,1,0,40,39
1681780118259,CHEM 167,A02,156373,Deshmukh; Lalit,4,0,40,36
1681780118259,CHEM 167,A03,156374,Deshmukh; Lalit,0,0,40,40
1681780118259,CHEM 167,A04,156396,Deshmukh; Lalit,3,0,40,37
1681780118687,CHEM 173,A00,127005,Young; Mark,54,0,90,36
1681780119113,CHEM 174,A01,127019,Pomeroy; Robert S.,13,0,50,37
1681780119537,CHEM 188,A00,127020,Brydges; Stacey,15,0,20,5
1681780119960,CHEM 197,001,195960,Li; Shaowei,9998,0,9999,1
1681780119960,CHEM 197,002,198021,Komives; Elizabeth A,9998,0,9999,1
1681780119960,CHEM 197,003,198945,Ferguson; Fleur,9998,0,9999,1
1681780119960,CHEM 197,004,200097,Budin; Itay,9998,0,9999,1
1681780119960,CHEM 197,005,200320,Theodorakis; Emmanuel,9998,0,9999,1
1681780119960,CHEM 197,006,253440,Sailor; Michael Joseph,9998,0,9999,1
1681780119960,CHEM 197,007,254261,Kim; Judy E.,9996,0,9999,3
1681780120386,CHIN 10CD,A01,121976,Liu; Mingming,7,0,15,8
1681780120386,CHIN 10CD,A02,121977,Liu; Mingming,2,0,15,13
1681780120386,CHIN 10CD,B02,122027,Liu; Mingming,2,0,15,13
1681780120810,CHIN 10CM,A01,122049,Chen; Pei-Chia,5,0,18,13
1681780120810,CHIN 10CM,A02,122056,Chen; Pei-Chia,1,0,18,17
1681780121243,CHIN 10CN,A01,122068,Xu; Li,2,0,14,12
1681780121243,CHIN 10CN,A03,122069,Xu; Li,0,0,14,14
1681780121243,CHIN 10CN,B01,122079,Xu; Li,2,0,14,12
1681780121243,CHIN 10CN,B02,122080,Xu; Li,1,0,14,13
1681780121668,CHIN 20CD,A01,122349,Wang; Xiao,0,0,12,12
1681780121668,CHIN 20CD,A02,122350,Wang; Xiao,2,0,12,10
1681780122092,CHIN 20CN,A01,122396,Anderson; Qin-Hong,6,0,14,8
1681780122092,CHIN 20CN,A02,122404,Anderson; Qin-Hong,9,0,14,5
1681780122092,CHIN 20CN,B01,122444,Anderson; Qin-Hong,0,0,15,15
1681780122518,CHIN 100CN,A00,122470,Chen; Pei-Chia,2,0,20,18
1681780122945,CHIN 169B,A00,122876,Wang; Xiao,6,0,20,14
1681780123370,CHIN 185B,A00,123062,Xu; Li,13,0,20,7
1681780123796,CLAS 87,A00,173327,Herbst; Matthew,11,0,20,9
1681780124219,CLAS 109,A00,179536,Myerston Santana; Jacobo,12,0,20,8
1681780124647,CLAS 121R,A01,123333,Herbst; Matthew,2,0,10,8
1681780124647,CLAS 121R,B01,179320,Herbst; Matthew,3,0,10,7
1681780125076,CLAS 196B,A00,254397,Myerston Santana; Jacobo,0,0,1,1
1681780125505,CLX 87,A00,173518,Castro; Robert Jess,4,0,20,16
1681780125928,COGS 1,A01,123461,Barrera; Steven James,0,0,60,72
1681780125928,COGS 1,A02,123467,Barrera; Steven James,0,1,60,72
1681780125928,COGS 1,A03,123472,Barrera; Steven James,0,3,60,66
1681780125928,COGS 1,A04,123525,Barrera; Steven James,0,2,60,68
1681780125928,COGS 1,A05,123597,Barrera; Steven James,0,1,60,63
1681780125928,COGS 1,A06,123598,Barrera; Steven James,0,2,60,66
1681780125928,COGS 1,A07,123606,Barrera; Steven James,0,1,50,56
1681780126355,COGS 8,A01,123619,Shannon; Kyle Michael,0,0,35,35
1681780126778,COGS 9,A01,123621,Ellis; Shannon Elizabeth,0,1,60,63
1681780126778,COGS 9,A02,123622,Ellis; Shannon Elizabeth,0,1,53,53
1681780126778,COGS 9,A03,123623,Ellis; Shannon Elizabeth,0,1,57,60
1681780126778,COGS 9,A04,123624,Ellis; Shannon Elizabeth,0,2,61,64
1681780126778,COGS 9,A05,123625,Ellis; Shannon Elizabeth,0,2,60,60
1681780127281,COGS 12,B00,196443,Rill; Bryan,2,0,50,48
1681780127704,COGS 13,A01,123645,Rossano; Federico,0,1,65,78
1681780127704,COGS 13,A02,123646,Rossano; Federico,0,2,60,68
1681780127704,COGS 13,A03,123649,Rossano; Federico,0,4,65,79
1681780127704,COGS 13,A04,123660,Rossano; Federico,0,2,60,68
1681780128128,COGS 14A,A01,123662,Trott; Sean Thomas,0,3,0,76
1681780128128,COGS 14A,A02,123663,Trott; Sean Thomas,0,2,0,80
1681780128128,COGS 14A,A03,123664,Trott; Sean Thomas,0,3,0,67
1681780128128,COGS 14A,A04,123665,Trott; Sean Thomas,0,2,0,80
1681780128550,COGS 14B,A01,123667,Hoffman; Drew Ellen,1,0,66,65
1681780128550,COGS 14B,A02,123669,Hoffman; Drew Ellen,0,0,66,67
1681780128550,COGS 14B,A03,123680,Hoffman; Drew Ellen,0,0,66,67
1681780128978,COGS 17,A01,123682,Johnson; Christine M.,0,0,65,65
1681780128978,COGS 17,A02,123683,Johnson; Christine M.,0,0,60,61
1681780128978,COGS 17,A03,123684,Johnson; Christine M.,0,1,68,68
1681780128978,COGS 17,A04,123685,Johnson; Christine M.,0,0,50,50
1681780128978,COGS 17,A05,123686,Johnson; Christine M.,0,0,60,63
1681780128978,COGS 17,A06,256258,Johnson; Christine M.,0,2,20,49
1681780129407,COGS 18,A01,123699,Ellis; Shannon Elizabeth,0,4,35,40
1681780129407,COGS 18,A02,123704,Ellis; Shannon Elizabeth,0,6,35,37
1681780129407,COGS 18,A03,123706,Ellis; Shannon Elizabeth,0,4,35,39
1681780129407,COGS 18,A04,123712,Ellis; Shannon Elizabeth,0,5,35,41
1681780129407,COGS 18,A05,123714,Ellis; Shannon Elizabeth,0,4,35,41
1681780129407,COGS 18,A06,123725,Ellis; Shannon Elizabeth,0,3,35,37
1681780129407,COGS 18,A07,123726,Ellis; Shannon Elizabeth,0,4,35,37
1681780129407,COGS 18,A08,123727,Ellis; Shannon Elizabeth,0,4,35,38
1681780129407,COGS 18,A09,123728,Ellis; Shannon Elizabeth,0,7,35,37
1681780129830,COGS 87,A00,123729,Deak; Gedeon O.,6,0,20,14
1681780130260,COGS 99,001,254390,Johnson; Christine M.,9997,0,9999,2
1681780130260,COGS 99,002,259157,Creel; Sarah,9999,0,9999,0
1681780130260,COGS 99,003,259184,Creel; Sarah,9999,0,9999,0
1681780130687,COGS 100,A01,123750,Simpkins; Charles Alexander,0,3,60,74
1681780130687,COGS 100,A02,123751,Simpkins; Charles Alexander,0,1,50,53
1681780130687,COGS 100,A03,123752,Simpkins; Charles Alexander,0,0,70,77
1681780130687,COGS 100,A04,123754,Simpkins; Charles Alexander,0,3,65,73
1681780130687,COGS 100,A05,123765,Simpkins; Charles Alexander,0,2,56,63
1681780131114,COGS 101A,A01,186357,Morgan; Eric,0,1,60,71
1681780131114,COGS 101A,A02,186376,Morgan; Eric,1,0,60,59
1681780131537,COGS 101B,A01,174969,Barrera; Steven James,0,2,68,74
1681780131537,COGS 101B,A02,174970,Barrera; Steven James,0,2,56,65
1681780131537,COGS 101B,A03,174971,Barrera; Steven James,0,1,65,78
1681780131537,COGS 101B,A04,174972,Barrera; Steven James,0,2,70,73
1681780131961,COGS 107A,A01,123772,Rangel; Lara M,0,1,56,72
1681780131961,COGS 107A,A02,123778,Rangel; Lara M,0,1,56,63
1681780131961,COGS 107A,A03,123779,Rangel; Lara M,0,0,70,76
1681780131961,COGS 107A,A04,123819,Rangel; Lara M,0,0,60,66
1681780131961,COGS 107A,A05,123820,Rangel; Lara M,0,0,60,71
1681780132385,COGS 107C,A01,124253,Chiba; Andrea,0,0,60,74
1681780132385,COGS 107C,A02,124255,Chiba; Andrea,0,0,60,69
1681780132385,COGS 107C,A03,124256,Chiba; Andrea,0,1,60,70
1681780132808,COGS 108,A01,124260,Fleischer; Jason G,0,5,60,64
1681780132808,COGS 108,A02,124397,Fleischer; Jason G,0,5,60,64
1681780132808,COGS 108,A03,124398,Fleischer; Jason G,0,8,50,59
1681780132808,COGS 108,A04,124409,Fleischer; Jason G,0,3,50,55
1681780132808,COGS 108,A05,124420,Fleischer; Jason G,0,1,60,70
1681780132808,COGS 108,A06,124471,Fleischer; Jason G,0,5,60,65
1681780132808,COGS 108,A07,124481,Fleischer; Jason G,0,5,60,61
1681780133233,COGS 109,A01,124502,Mukamel; Eran A,0,1,35,36
1681780133233,COGS 109,A02,124503,Mukamel; Eran A,0,1,35,37
1681780133233,COGS 109,A03,124507,Mukamel; Eran A,0,0,35,36
1681780133233,COGS 109,A04,124523,Mukamel; Eran A,0,1,35,39
1681780133659,COGS 112,A01,124526,Hoffman; Drew Ellen,0,2,56,66
1681780133659,COGS 112,A02,124527,Hoffman; Drew Ellen,0,2,60,61
1681780133659,COGS 112,A03,124528,Hoffman; Drew Ellen,0,3,56,63
1681780134084,COGS 118A,A01,124530,Fleischer; Jason G,2,0,60,58
1681780134084,COGS 118A,A02,124532,Fleischer; Jason G,0,0,60,60
1681780134084,COGS 118A,A03,124534,Fleischer; Jason G,13,0,60,47
1681780134507,COGS 121,A01,124554,Guo; Philip J,0,2,120,124
1681780134931,COGS 122,A01,124576,Dow; Steven P,0,6,0,59
1681780135359,COGS 125,A00,124583,Klemmer; Scott R,1,0,35,34
1681780135782,COGS 138,A01,124588,Simpkins; Charles Alexander,0,1,40,41
1681780136205,COGS 142,A01,124596,Rossano; Federico,0,0,50,50
1681780136631,COGS 144,A01,124611,Rossano; Federico,1,0,50,49
1681780137068,COGS 155,A01,124633,Cooperrider; Kensy A,0,0,50,54
1681780137491,COGS 157,A00,124642,Creel; Sarah,2,3,75,73
1681780137917,COGS 160,A00,124646,Deak; Gedeon O.,5,0,20,15
1681780138339,COGS 164,A01,124648,Chiba; Andrea,0,8,143,145
1681780138764,COGS 170,A01,124670,Rangel; Lara M,0,1,75,99
1681780139188,COGS 184,A01,124691,Johnson; Christine M.,4,7,50,46
1681780139614,COGS 185,A01,124703,Tu; Zhuowen,0,4,0,97
1681780140043,COGS 190C,001,124704,Chiba; Andrea,9998,0,9999,1
1681780140043,COGS 190C,002,124705,Kirsh; David Joel,9999,0,9999,0
1681780140043,COGS 190C,003,124712,Kiyonaga; Anastasia,9998,0,9999,1
1681780140043,COGS 190C,004,124722,Nitz; Douglas A.,9997,0,9999,2
1681780140043,COGS 190C,005,124727,Rangel; Lara M,9997,0,9999,2
1681780140043,COGS 190C,006,124749,Hoffman; Drew Ellen,9998,0,9999,1
1681780140043,COGS 190C,007,258973,Boyle; Mary E. T.,9998,0,9999,1
1681780140472,COGS 190D,A00,124751,Nitz; Douglas A.,11,0,20,9
1681780140896,COGS 194,A00,124758,Hill; Seth J,9999,0,9999,0
1681780141319,COGS 197,001,194515,De Sa; Virginia,9998,0,9999,1
1681780141319,COGS 197,002,198018,Fleischer; Jason G,9999,0,9999,0
1681780141319,COGS 197,003,198451,Fleischer; Jason G,9999,0,9999,0
1681780141319,COGS 197,004,259154,Dow; Steven P,9999,0,9999,0
1681780141744,COGS 198,001,197995,Rangel; Lara M,9998,0,9999,1
1681780141744,COGS 198,002,254678,Johnson; Christine M.,9999,0,9999,0
1681780141744,COGS 198,003,259200,Klemmer; Scott R,9999,0,9999,0
1681780142167,COMM 10,A01,125102,Fattal; Alexander Leor,0,0,24,24
1681780142167,COMM 10,A02,125104,Fattal; Alexander Leor,0,0,24,24
1681780142167,COMM 10,A03,125105,Fattal; Alexander Leor,0,0,24,24
1681780142167,COMM 10,A04,125107,Fattal; Alexander Leor,0,0,24,24
1681780142167,COMM 10,A05,125114,Fattal; Alexander Leor,1,0,24,23
1681780142167,COMM 10,A06,125115,Fattal; Alexander Leor,1,0,24,23
1681780142167,COMM 10,A07,125116,Fattal; Alexander Leor,1,0,24,23
1681780142167,COMM 10,A08,125117,Fattal; Alexander Leor,0,0,24,24
1681780143011,COMM 80,A01,168313,Campbell; Robert Harold,12,0,80,68
1681780143433,COMM 100C,A03,125127,Kidman; Shawna F,0,0,25,27
1681780143433,COMM 100C,A04,125131,Kidman; Shawna F,0,0,25,26
1681780143433,COMM 100C,A05,125135,Kidman; Shawna F,0,0,25,26
1681780143433,COMM 100C,A06,125136,Kidman; Shawna F,0,1,25,27
1681780143433,COMM 100C,A07,125138,Kidman; Shawna F,0,0,25,25
1681780143433,COMM 100C,A08,125139,Kidman; Shawna F,0,1,25,27
1681780143433,COMM 100C,A09,125141,Kidman; Shawna F,0,0,25,25
1681780143433,COMM 100C,A10,125142,Kidman; Shawna F,0,0,25,25
1681780143433,COMM 100C,A11,125143,Kidman; Shawna F,0,2,25,25
1681780143433,COMM 100C,A12,125144,Kidman; Shawna F,0,0,25,25
1681780143856,COMM 101,A01,125147,Halm; Gavin Patrick,0,0,15,17
1681780143856,COMM 101,A02,125148,Halm; Gavin Patrick,0,0,15,15
1681780143856,COMM 101,A03,125150,Halm; Gavin Patrick,0,0,15,16
1681780143856,COMM 101,A04,125151,Halm; Gavin Patrick,0,0,15,17
1681780144288,COMM 101A,A00,173918,Ahn; Patricia Jeehyun,0,1,18,21
1681780144710,COMM 101K,A00,125153,Martinico; Daniel J,0,1,18,18
1681780145138,COMM 102M,A01,125175,Davis; Zeinabu I.,0,1,0,11
1681780145138,COMM 102M,A02,125176,Davis; Zeinabu I.,0,0,0,13
1681780145661,COMM 103F,A01,125195,Hill; Erin Truesdell,1,0,50,49
1681780146084,COMM 106F,A00,125204,Whitworth-Smith; Andrew C,0,1,50,50
1681780146511,COMM 107,A00,125205,Serlin; David,1,1,44,43
1681780146942,COMM 109D,A00,125208,Jack; Caroline Sarah,9,0,100,91
1681780147365,COMM 109P,A00,125225,Jack; Caroline Sarah,0,0,50,50
1681780147790,COMM 113T,A00,171228,Vangelisti; Nicoletta Maria,3,0,50,47
1681780147790,COMM 113T,B00,173756,McKenna; Denise,7,0,40,33
1681780148212,COMM 114A,A00,125238,Zilberg; Elana,4,0,25,21
1681780148645,COMM 114F,A00,125257,Horwitz; Robert B,11,0,35,24
1681780149068,COMM 114M,A00,173186,Lauria; Rita Marie,15,0,40,25
1681780149496,COMM 114T,A00,173920,Metcalf; Kathryne Young,0,1,40,40
1681780149922,COMM 114W,A00,168572,Walkover; Lillian B,0,1,0,17
1681780150346,COMM 126,A00,125258,Tanaka; Stefan A.,0,2,0,42
1681780150774,COMM 140,A00,125260,Fattal; Alexander Leor,4,0,30,26
1681780151200,COMM 146,A00,125261,Halm; Gavin Patrick,0,0,50,50
1681780151628,COMM 156,A00,125262,Fields; Gary,1,1,33,32
1681780152055,COMM 160,A00,177920,Whitworth-Smith; Andrew C,2,1,40,38
1681780152481,COMM 163,A00,125263,Staschus; Sophie,1,0,30,29
1681780152910,COMM 164,A00,125265,Dominguez Rubio; Fernando,4,0,30,26
1681780153336,COMM 173,A00,125266,Alac; Morana,0,0,30,30
1681780153758,COMM 174,A00,125267,Alac; Morana,0,0,30,30
1681780154189,COMM 190,A00,125268,Boateng; Boatema,0,1,23,23
1681780154189,COMM 190,B00,125270,Gates; Kelly,0,2,23,24
1681780154613,COMM 194,A00,153664,Hill; Seth J,9999,0,9999,0
1681780155043,COMM 198,001,125280,Ahn; Patricia Jeehyun,9990,0,9999,9
1681780155043,COMM 198,002,125283,Alac; Morana,9999,0,9999,0
1681780155043,COMM 198,003,125297,Anderson; Patrick W.,9999,0,9999,0
1681780155043,COMM 198,004,125306,Boateng; Boatema,9999,0,9999,0
1681780155043,COMM 198,005,125307,Booker; Angela N,9999,0,9999,0
1681780155043,COMM 198,006,125310,Cordoba Azcarate; Matilde,9999,0,9999,0
1681780155043,COMM 198,007,125324,Davis; Zeinabu I.,9999,0,9999,0
1681780155043,COMM 198,008,125333,Dewaard; Andrew Michael,9999,0,9999,0
1681780155043,COMM 198,009,125334,Dominguez Rubio; Fernando,9999,0,9999,0
1681780155043,COMM 198,010,125337,Fattal; Alexander Leor,9999,0,9999,0
1681780155043,COMM 198,011,125351,Fields; Gary,9999,0,9999,0
1681780155043,COMM 198,012,125352,Gates; Kelly,9999,0,9999,0
1681780155043,COMM 198,013,125353,Geiger; Richard Stuart,9999,0,9999,0
1681780155043,COMM 198,014,125387,Goldfarb; Brian,9999,0,9999,0
1681780155043,COMM 198,015,125388,Hallin; Daniel C,9999,0,9999,0
1681780155043,COMM 198,016,125389,Hill; Erin Truesdell,9999,0,9999,0
1681780155043,COMM 198,017,125390,Horwitz; Robert B,9999,0,9999,0
1681780155043,COMM 198,018,125391,Irani; Lilly C,9999,0,9999,0
1681780155043,COMM 198,019,125392,Jack; Caroline Sarah,9999,0,9999,0
1681780155043,COMM 198,020,125393,Kidman; Shawna F,9999,0,9999,0
1681780155043,COMM 198,021,125394,Martinico; Daniel J,9999,0,9999,0
1681780155043,COMM 198,022,125395,Schmidt; Thomas Rainer,9999,0,9999,0
1681780155043,COMM 198,023,125396,Serlin; David,9999,0,9999,0
1681780155043,COMM 198,024,125397,Sims; Christopher O,9999,0,9999,0
1681780155043,COMM 198,025,125398,Tanaka; Stefan A.,9999,0,9999,0
1681780155043,COMM 198,026,125399,Walkover; Lillian B,9999,0,9999,0
1681780155043,COMM 198,027,125400,Zilberg; Elana,9999,0,9999,0
1681780155468,CSE 6R,A01,135606,Moshiri; Alexander Niema,1,17,139,138
1681780155468,CSE 6R,B01,179363,Moshiri; Alexander Niema,19,0,50,31
1681780155891,CSE 8A,A50,135609,Elsherif; May Elhussein,0,4,50,50
1681780155891,CSE 8A,A51,135610,Elsherif; May Elhussein,0,5,50,50
1681780155891,CSE 8A,A52,135611,Elsherif; May Elhussein,0,5,50,50
1681780155891,CSE 8A,A53,135612,Elsherif; May Elhussein,1,7,46,45
1681780156315,CSE 8B,A01,162510,Ochoa; Benjamin Lawrence,1,2,146,145
1681780156738,CSE 11,A01,135615,Cao; Yingjun,2,18,146,144
1681780157172,CSE 12,A01,135617,Cao; Yingjun,25,0,300,275
1681780157172,CSE 12,B01,174883,Miranda; Gregory Joseph,19,0,250,231
1681780157600,CSE 15L,A01,162061,Politz; Joseph Gibbs,0,1,44,44
1681780157600,CSE 15L,A02,162179,Politz; Joseph Gibbs,0,1,43,43
1681780157600,CSE 15L,A03,162256,Politz; Joseph Gibbs,0,1,43,43
1681780157600,CSE 15L,A04,162470,Politz; Joseph Gibbs,0,1,43,43
1681780157600,CSE 15L,A05,162471,Politz; Joseph Gibbs,0,2,43,46
1681780157600,CSE 15L,B01,162474,Politz; Joseph Gibbs,0,3,44,45
1681780157600,CSE 15L,B02,162483,Politz; Joseph Gibbs,0,4,43,43
1681780157600,CSE 15L,B03,162484,Politz; Joseph Gibbs,0,2,43,43
1681780157600,CSE 15L,B04,162491,Politz; Joseph Gibbs,0,0,43,43
1681780157600,CSE 15L,B05,162497,Politz; Joseph Gibbs,0,2,43,43
1681780158026,CSE 20,A01,161574,Briones; Jor-el Thomas Caparas,61,0,348,287
1681780158448,CSE 21,A01,161575,Jones; Miles E,1,1,150,149
1681780158448,CSE 21,A02,177803,Jones; Miles E,3,1,150,147
1681780158875,CSE 30,A01,161576,Porter; Leonard Emerson,1,0,192,191
1681780158875,CSE 30,B01,161577,Porter; Leonard Emerson,2,2,192,190
1681780158875,CSE 30,C01,161584,Chin; Bryan W.,58,0,192,134
1681780159297,CSE 87,A00,135625,Cottrell; Garrison W,2,0,20,18
1681780159297,CSE 87,B00,135626,Moshiri; Alexander Niema,0,0,20,20
1681780159722,CSE 90,A00,185738,Minnes Kemp; Mor Mia,0,3,0,58
1681780160151,CSE 91,A00,185739,Minnes Kemp; Mor Mia,0,0,0,4
1681780160151,CSE 91,B00,185760,Minnes Kemp; Mor Mia,0,3,0,4
1681780160151,CSE 91,C00,185763,Minnes Kemp; Mor Mia,0,1,0,2
1681780160577,CSE 95,A00,135627,Cao; Yingjun,39,0,75,36
1681780161000,CSE 100,A01,162769,Sahoo; Debashis,4,0,200,196
1681780161427,CSE 100R,A01,158880,Sahoo; Debashis,24,0,275,251
1681780161427,CSE 100R,B01,179365,Sahoo; Debashis,8,0,25,17
1681780161854,CSE 101,A01,162826,Jones; Miles E,2,13,250,248
1681780161854,CSE 101,A02,177797,Jones; Miles E,2,15,250,248
1681780162281,CSE 105,A01,162798,Minnes Kemp; Mor Mia,3,3,348,345
1681780162281,CSE 105,B01,173759,Grier; Daniel T,1,5,100,99
1681780162707,CSE 107,A01,161585,Micciancio; Daniele,43,0,146,103
1681780163130,CSE 109,A01,177766,Shang; Jingbo,6,32,50,44
1681780163559,CSE 110,A50,161785,Powell; Thomas Allan,1,0,50,49
1681780163559,CSE 110,A51,161792,Powell; Thomas Allan,1,0,50,49
1681780163559,CSE 110,A52,161814,Powell; Thomas Allan,1,0,50,49
1681780163559,CSE 110,A53,161856,Powell; Thomas Allan,3,0,50,47
1681780163559,CSE 110,A54,161892,Powell; Thomas Allan,0,0,50,50
1681780163559,CSE 110,A55,161946,Powell; Thomas Allan,0,0,50,50
1681780163559,CSE 110,B50,174886,Miranda; Gregory Joseph,0,0,50,50
1681780163559,CSE 110,B51,174887,Miranda; Gregory Joseph,0,0,50,50
1681780163987,CSE 120,A01,162755,Zhang; Yiying,11,0,192,181
1681780163987,CSE 120,B01,174915,Ousterhout; Amy,8,0,100,92
1681780164410,CSE 123,A01,161998,Shalev; Aaron D,41,0,146,105
1681780164834,CSE 125,A00,135654,Voelker; Geoffrey M.,0,0,30,36
1681780165259,CSE 127,A01,162756,Fernandes; Earlence T,2,0,189,187
1681780165685,CSE 130,A01,162758,Polikarpova; Nadezhda,8,0,192,184
1681780166116,CSE 131,A01,162782,Politz; Joseph Gibbs,71,0,150,79
1681780166540,CSE 132B,A01,162034,Deutsch; Alin Bernard,8,0,70,62
1681780166965,CSE 132C,A01,168887,Kumar; Arun Kumar,31,0,70,39
1681780167394,CSE 135,A01,162018,Powell; Thomas Allan,9,0,146,137
1681780167822,CSE 140,A01,162793,Chin; Bryan W.,52,0,300,248
1681780168249,CSE 140L,A01,135728,Eldon; John,36,0,300,264
1681780168676,CSE 141,A01,162759,Zhao; Jishen,29,0,196,167
1681780169099,CSE 141L,A01,135732,Eldon; John,4,0,192,188
1681780169523,CSE 143,A01,162021,Gupta; Rajesh K.,5,0,35,30
1681780169950,CSE 145,A01,135735,Kastner; Ryan Charles,6,0,25,19
1681780170448,CSE 148,A01,135737,Tullsen; Dean Michael,7,0,25,18
1681780170874,CSE 150B,A01,162810,Gao; Sicun,4,19,362,358
1681780171296,CSE 151A,A01,162815,Shang; Jingbo,1,25,198,197
1681780171721,CSE 151B,A01,162777,Yu; Qi,10,4,250,240
1681780172147,CSE 152B,A01,162051,Chandraker; Manmohan Krishna,3,4,66,63
1681780172571,CSE 165,A01,185170,Weibel; Nadir & Schulze; Jurgen P.,10,0,50,40
1681780172996,CSE 168,A01,162023,Li; Tzumao,8,0,55,47
1681780173420,CSE 175,A01,135798,Kumar; Rakesh,0,1,49,49
1681780173846,CSE 176A,A01,162498,Riek; Laurel D,0,3,0,31
1681780174270,CSE 176E,A01,173932,Swanson; Steven James,0,0,0,19
1681780174695,CSE 182,A01,153157,Bafna; Vineet,1,0,25,24
1681780175118,CSE 185,A01,135802,Gymrek; Melissa Ann,2,0,60,58
1681780175118,CSE 185,A02,135803,Gymrek; Melissa Ann,10,0,60,50
1681780175542,CSE 190,A00,173373,Soosai Raj; Adalbert Geral,1,4,50,49
1681780175965,CSE 191,A00,173508,Reeis; Yaniv,13,0,30,17
1681780175965,CSE 191,B00,194541,Lerner; Ian Amihay,0,1,25,25
1681780175965,CSE 191,C00,197235,Minnes Kemp; Mor Mia,0,1,0,0
1681780175965,CSE 191,D00,245331,Minnes Kemp; Mor Mia,9994,0,9999,5
1681780176391,CSE 198,001,198929,Soosai Raj; Adalbert Geral,0,0,0,21
1681780176391,CSE 198,002,198944,Coblenz; Michael J,0,0,0,5
1681780176391,CSE 198,003,203193,Chandraker; Manmohan Krishna,0,0,0,4
1681780176391,CSE 198,004,254694,Elsherif; May Elhussein,9954,0,9999,45
1681780176391,CSE 198,005,254705,Alvarado; Christine J.,9998,0,9999,1
1681780176391,CSE 198,006,254706,Rosing; Tajana Simunic,9998,0,9999,1
1681780176815,CSS 100,A01,126599,Mignozzetti; Umberto,4,0,50,46
1681780177245,DOC 3,A01,127970,Solomon; Amanda Lee Albaniel,0,0,0,14
1681780177245,DOC 3,A02,127971,Solomon; Amanda Lee Albaniel,0,0,0,14
1681780177245,DOC 3,A03,127990,Solomon; Amanda Lee Albaniel,0,0,0,14
1681780177245,DOC 3,A04,127991,Solomon; Amanda Lee Albaniel,0,0,0,14
1681780177245,DOC 3,A05,127992,Solomon; Amanda Lee Albaniel,0,0,0,14
1681780177245,DOC 3,A06,127993,Solomon; Amanda Lee Albaniel,0,0,0,14
1681780177245,DOC 3,A07,128012,Solomon; Amanda Lee Albaniel,0,0,0,14
1681780177245,DOC 3,A08,128013,Solomon; Amanda Lee Albaniel,0,0,0,14
1681780177245,DOC 3,A09,128014,Solomon; Amanda Lee Albaniel,0,0,0,14
1681780177245,DOC 3,A10,128015,Solomon; Amanda Lee Albaniel,0,0,0,14
1681780177245,DOC 3,A11,128034,Solomon; Amanda Lee Albaniel,0,0,0,14
1681780177245,DOC 3,A12,128035,Solomon; Amanda Lee Albaniel,0,0,0,14
1681780177245,DOC 3,A13,128036,Solomon; Amanda Lee Albaniel,0,0,0,14
1681780177245,DOC 3,A14,128037,Solomon; Amanda Lee Albaniel,0,0,0,14
1681780177245,DOC 3,A15,128056,Solomon; Amanda Lee Albaniel,0,0,0,14
1681780177245,DOC 3,A16,128057,Solomon; Amanda Lee Albaniel,0,0,0,14
1681780177245,DOC 3,A17,128058,Solomon; Amanda Lee Albaniel,0,0,0,14
1681780177245,DOC 3,A18,128059,Solomon; Amanda Lee Albaniel,0,0,0,14
1681780177245,DOC 3,B01,128079,Johnston; Emily Ronay,0,0,0,14
1681780177245,DOC 3,B02,128080,Johnston; Emily Ronay,0,0,0,14
1681780177245,DOC 3,B03,128081,Johnston; Emily Ronay,0,0,0,14
1681780177245,DOC 3,B04,128094,Johnston; Emily Ronay,0,0,0,14
1681780177245,DOC 3,B05,128096,Johnston; Emily Ronay,0,0,0,14
1681780177245,DOC 3,B06,128102,Johnston; Emily Ronay,0,0,0,14
1681780177245,DOC 3,B07,128107,Johnston; Emily Ronay,0,0,0,14
1681780177245,DOC 3,B08,128108,Johnston; Emily Ronay,0,0,0,14
1681780177245,DOC 3,B09,128109,Johnston; Emily Ronay,0,0,0,14
1681780177245,DOC 3,B10,128110,Johnston; Emily Ronay,0,0,0,14
1681780177245,DOC 3,B12,128112,Johnston; Emily Ronay,0,0,0,14
1681780177245,DOC 3,B13,128113,Johnston; Emily Ronay,0,0,0,14
1681780177245,DOC 3,B14,128120,Johnston; Emily Ronay,0,1,0,14
1681780177245,DOC 3,B15,128121,Johnston; Emily Ronay,0,0,0,14
1681780177245,DOC 3,B16,128122,Johnston; Emily Ronay,0,0,0,14
1681780177245,DOC 3,B17,128137,Johnston; Emily Ronay,0,0,0,14
1681780177245,DOC 3,B18,128151,Johnston; Emily Ronay,0,0,0,14
1681780177245,DOC 3,C01,128165,Strom; Megan C.,0,0,0,14
1681780177245,DOC 3,C02,128166,Strom; Megan C.,0,0,0,13
1681780177245,DOC 3,C03,128167,Strom; Megan C.,0,0,0,14
1681780177245,DOC 3,C04,128190,Strom; Megan C.,0,0,0,14
1681780177245,DOC 3,C05,128203,Strom; Megan C.,0,0,0,14
1681780177245,DOC 3,C06,128206,Strom; Megan C.,0,0,0,14
1681780177245,DOC 3,C07,128207,Strom; Megan C.,0,0,0,14
1681780177245,DOC 3,C08,128221,Strom; Megan C.,0,0,0,14
1681780177245,DOC 3,C09,128222,Strom; Megan C.,0,0,0,14
1681780177245,DOC 3,C10,128241,Strom; Megan C.,0,0,0,14
1681780177245,DOC 3,C11,128247,Strom; Megan C.,0,0,0,14
1681780177245,DOC 3,C12,128248,Strom; Megan C.,0,0,0,14
1681780177245,DOC 3,C13,128263,Strom; Megan C.,0,0,0,14
1681780177245,DOC 3,C14,128266,Strom; Megan C.,0,0,0,14
1681780177245,DOC 3,C15,128269,Strom; Megan C.,0,1,0,14
1681780177245,DOC 3,C16,128272,Strom; Megan C.,0,0,0,14
1681780177245,DOC 3,C17,128283,Strom; Megan C.,0,0,0,14
1681780177245,DOC 3,C18,128288,Strom; Megan C.,0,0,0,14
1681780177245,DOC 3,D01,128307,Strom; Megan C.,0,0,0,13
1681780177245,DOC 3,D02,128308,Strom; Megan C.,0,0,0,14
1681780177245,DOC 3,D03,128309,Strom; Megan C.,0,0,0,14
1681780177245,DOC 3,D04,128368,Strom; Megan C.,0,0,0,14
1681780177245,DOC 3,D05,128369,Strom; Megan C.,0,0,0,14
1681780177245,DOC 3,D06,128376,Strom; Megan C.,0,0,0,14
1681780177245,DOC 3,D07,128378,Strom; Megan C.,0,0,0,14
1681780177245,DOC 3,D08,128381,Strom; Megan C.,0,0,0,13
1681780177245,DOC 3,D09,128390,Strom; Megan C.,0,0,0,14
1681780177245,DOC 3,D10,128452,Strom; Megan C.,0,0,0,14
1681780177245,DOC 3,D11,128455,Strom; Megan C.,0,0,0,14
1681780177245,DOC 3,D12,128508,Strom; Megan C.,0,1,0,14
1681780177245,DOC 3,D13,128509,Strom; Megan C.,0,0,0,14
1681780177245,DOC 3,D14,128513,Strom; Megan C.,0,0,0,14
1681780177245,DOC 3,D15,128540,Strom; Megan C.,0,0,0,14
1681780177245,DOC 3,D16,128541,Strom; Megan C.,0,0,0,14
1681780177245,DOC 3,D17,128542,Strom; Megan C.,0,0,0,14
1681780177245,DOC 3,D18,128543,Strom; Megan C.,0,0,0,14
1681780177672,DOC 100D,A00,128553,Pass; Natalye Joann,1,1,25,24
1681780177672,DOC 100D,B00,128622,Pass; Natalye Joann,2,1,25,23
1681780178105,DSC 10,A01,127644,Rampure; Suraj,2,1,70,68
1681780178105,DSC 10,A02,127645,Rampure; Suraj,2,0,70,68
1681780178105,DSC 10,B01,127651,Rampure; Suraj,2,1,70,68
1681780178105,DSC 10,B02,127656,Rampure; Suraj,1,1,70,69
1681780178532,DSC 20,A01,127662,Langlois; Marina,6,0,158,152
1681780178960,DSC 30,A01,127667,Langlois; Marina,0,2,100,100
1681780178960,DSC 30,B01,127669,Langlois; Marina,1,2,100,99
1681780178960,DSC 30,C01,127673,Liao; Soohyun Nam,43,0,75,32
1681780179382,DSC 40A,A01,127682,Tiefenbruck; Janine LoBue,3,0,75,72
1681780179382,DSC 40A,B01,127688,Tiefenbruck; Janine LoBue,3,0,75,72
1681780179810,DSC 40B,A01,127719,Wang; Yusu,0,3,75,75
1681780180246,DSC 80,A01,127730,Rahman; Tauhidur,20,0,150,130
1681780180670,DSC 95,A01,127732,Rampure; Suraj,12,0,30,18
1681780181101,DSC 100,A01,127734,Salimi; Babak,0,5,100,100
1681780181528,DSC 102,A01,127736,Albuyeh; Rod,40,0,150,110
1681780181951,DSC 104,A01,127738,Gupta; Amarnath,2,0,25,23
1681780182374,DSC 106,A01,127740,Liao; Soohyun Nam,5,0,105,100
1681780182374,DSC 106,B01,194591,Wilber; Jared Dane,1,0,75,74
1681780182802,DSC 140A,A01,127742,Ustun; Tevfik Berk,49,0,100,51
1681780183227,DSC 140B,A01,127746,Eldridge; Justin Matthew,0,5,75,75
1681780183227,DSC 140B,B01,127748,Hu; Zhiting,0,0,75,75
1681780183653,DSC 161,A00,199972,Cordeiro Moreira; Davi,0,0,0,0
1681780184076,DSC 178,A01,127750,Silberman; Jack,1,0,20,19
1681780184500,DSC 190,B01,127752,Smarr; Benjamin,1,0,10,9
1681780184500,DSC 190,C01,127754,Weng; Tsui-Wei (lily),0,1,10,10
1681780184500,DSC 190,A01,149458,Silberman; Jack,5,0,10,5
1681780184932,DSC 197,001,127757,Eldridge; Justin Matthew,9990,0,9999,9
1681780185355,DSC 198,A00,255977,Hu; Zhiting,9998,0,9999,1
1681780185355,DSC 198,B00,259144,Jin; Haojian,9998,0,9999,1
1681780185783,DSGN 1,A01,123731,Klemmer; Scott R,0,0,50,50
1681780185783,DSGN 1,A02,123732,Klemmer; Scott R,0,2,50,51
1681780185783,DSGN 1,A03,123734,Klemmer; Scott R,0,2,50,50
1681780185783,DSGN 1,B01,123746,Hollan; James D.,1,0,50,49
1681780185783,DSGN 1,B02,123747,Hollan; James D.,0,1,50,50
1681780185783,DSGN 1,B03,123748,Hollan; James D.,0,1,50,50
1681780186639,DSGN 119,A00,124928,Park; Kyong Dong,11,0,100,89
1681780187061,DSGN 160,A00,202029,Aronoff-Spencer; Eliah Sea,0,1,20,20
1681780187487,EAP 100,A00,172758,Staff,9886,0,9999,113
1681780187917,ECE 5,A01,129161,Morris; Karcher William,4,0,24,20
1681780187917,ECE 5,A02,129167,Morris; Karcher William,12,0,24,12
1681780187917,ECE 5,A03,129168,Morris; Karcher William,6,0,24,18
1681780187917,ECE 5,A04,129186,Morris; Karcher William,12,0,24,12
1681780188344,ECE 15,A01,129230,Gilja; Vikash,7,0,125,118
1681780188765,ECE 16,A01,129258,Wang; Edward Jay,0,1,30,36
1681780189190,ECE 25,A50,129263,Dey; Sujit,1,0,30,29
1681780189190,ECE 25,A52,129281,Dey; Sujit,1,0,30,29
1681780189620,ECE 30,A50,129306,Mir Arabbaygi; Siavash,0,0,32,32
1681780189620,ECE 30,A51,129311,Mir Arabbaygi; Siavash,5,0,32,27
1681780189620,ECE 30,A52,129316,Mir Arabbaygi; Siavash,0,0,32,32
1681780189620,ECE 30,A53,129319,Mir Arabbaygi; Siavash,1,0,32,31
1681780189620,ECE 30,A54,129327,Mir Arabbaygi; Siavash,16,0,32,16
1681780190051,ECE 35,A50,129353,Taur; Yuan,0,0,30,30
1681780190051,ECE 35,A51,129358,Taur; Yuan,0,0,30,30
1681780190051,ECE 35,A52,129359,Taur; Yuan,4,0,30,26
1681780190051,ECE 35,A53,129361,Taur; Yuan,0,0,30,30
1681780190478,ECE 45,A01,129367,Zeger; Kenneth A.,25,0,180,155
1681780190903,ECE 65,A50,129373,Baghdadchi; Saharnaz,0,0,30,30
1681780190903,ECE 65,A51,129376,Baghdadchi; Saharnaz,0,0,30,30
1681780190903,ECE 65,A52,129379,Baghdadchi; Saharnaz,3,0,30,27
1681780190903,ECE 65,A53,129380,Baghdadchi; Saharnaz,3,0,30,27
1681780190903,ECE 65,A54,129382,Baghdadchi; Saharnaz,1,0,30,29
1681780190903,ECE 65,A55,129386,Baghdadchi; Saharnaz,8,0,30,22
1681780191331,ECE 100,A01,129388,Hall; Drew A.,6,0,30,24
1681780191331,ECE 100,A03,129393,Hall; Drew A.,0,0,30,30
1681780191331,ECE 100,A04,129394,Hall; Drew A.,16,0,30,14
1681780191331,ECE 100,A05,129397,Hall; Drew A.,24,0,30,6
1681780191331,ECE 100,A06,129398,Hall; Drew A.,12,0,30,18
1681780191758,ECE 101,A01,129400,Bharadia; Dinesh,10,0,60,50
1681780191758,ECE 101,A02,129406,Bharadia; Dinesh,3,0,60,57
1681780192181,ECE 103,A01,129413,Kuzum; Duygu,0,2,70,70
1681780192608,ECE 107,A01,129427,Fullerton; Eric E,36,0,75,39
1681780193035,ECE 109,A01,129449,Orlitsky; Alon,11,0,125,114
1681780193035,ECE 109,A02,129455,Orlitsky; Alon,32,0,125,93
1681780193460,ECE 111,A01,129499,Turakhia; Yatish Girish,4,0,180,176
1681780193885,ECE 115,A01,129524,Yip; Michael,9,0,26,17
1681780194309,ECE 123,A01,129538,Sievenpiper; Daniel F.,12,0,60,48
1681780194739,ECE 125B,A50,129583,Esmaili; Gholamreza,10,0,24,14
1681780194739,ECE 125B,A51,129591,Esmaili; Gholamreza,13,0,24,11
1681780195165,ECE 134,A00,129595,Ng; Tse Nga,8,0,50,42
1681780195588,ECE 136L,A01,129667,Dayeh; Shadi Ahmad,2,0,5,3
1681780195588,ECE 136L,A02,129668,Dayeh; Shadi Ahmad,5,0,5,0
1681780195588,ECE 136L,A03,129669,Dayeh; Shadi Ahmad,1,0,5,4
1681780195588,ECE 136L,A04,129670,Dayeh; Shadi Ahmad,1,0,5,4
1681780196013,ECE 139,B00,194876,Nomura; Kenji,10,0,20,10
1681780196447,ECE 140B,A01,153665,Khoshabeh; Ramsin & Gessner; Richard K.,8,0,24,16
1681780196447,ECE 140B,A02,153668,Khoshabeh; Ramsin & Gessner; Richard K.,3,0,24,21
1681780196447,ECE 140B,A03,153669,Khoshabeh; Ramsin & Gessner; Richard K.,13,0,22,9
1681780196871,ECE 141B,A50,129682,Gessner; Richard K.,42,0,60,18
1681780197295,ECE 148,A01,153560,Silberman; Jack,2,0,28,26
1681780197727,ECE 153,A01,129692,Sworder; David D.,9,0,68,59
1681780198152,ECE 157A,A01,129694,Bharadia; Dinesh,13,0,25,12
1681780198578,ECE 158B,A01,129696,Zhang; Xinyu,21,0,32,11
1681780199002,ECE 161C,A00,129697,Harris; Frederick Joel,7,0,50,43
1681780199425,ECE 163,A00,129707,Hsueh; Tzu-Chien,21,0,100,79
1681780199851,ECE 165,A51,129733,Mercier; Patrick Philip,2,0,29,27
1681780199851,ECE 165,A52,129735,Mercier; Patrick Philip,3,0,29,26
1681780199851,ECE 165,A53,129738,Mercier; Patrick Philip,1,0,30,29
1681780199851,ECE 165,A54,129739,Mercier; Patrick Philip,9,0,27,18
1681780200274,ECE 171A,A01,129741,Zheng; Yang,39,0,120,81
1681780200703,ECE 175B,A01,129743,Xie; Pengtao,51,0,75,24
1681780201129,ECE 183,A01,129745,Mookherjea; Shayan,16,0,30,14
1681780201559,ECE 185,A01,129747,Liu; Zhaowei,17,0,20,3
1681780201986,ECE 190,001,194984,Trivedi; Mohan M.,0,0,1,1
1681780201986,ECE 190,002,204718,Cosman; Pamela C.,0,0,1,1
1681780202412,ECE 191,A00,130522,Zhang; Xinyu,19,0,40,21
1681780202843,ECE 193H,001,194664,Morris; Karcher William,9998,0,9999,1
1681780203272,ECE 196,A00,129748,Morris; Karcher William,0,0,24,24
1681780203272,ECE 196,B00,129749,Morris; Karcher William,13,0,24,11
1681780203695,ECE 197,001,254465,Sievenpiper; Daniel F.,9998,0,9999,1
1681780204122,ECE 198,001,129750,Nguyen; Truong Quang,9988,0,9999,11
1681780204122,ECE 198,002,253455,Schurgers; Curt,9996,0,9999,3
1681780204122,ECE 198,003,253456,Schurgers; Curt,9998,0,9999,1
1681780204545,ECON 1,A01,149338,Crane; Meredith Helen,1,4,63,62
1681780204545,ECON 1,A02,149339,Crane; Meredith Helen,1,2,63,62
1681780204545,ECON 1,A03,149340,Crane; Meredith Helen,0,2,63,63
1681780204545,ECON 1,A04,149341,Crane; Meredith Helen,0,2,63,63
1681780204969,ECON 3,A01,149345,Crane; Meredith Helen,4,4,75,71
1681780204969,ECON 3,A02,149346,Crane; Meredith Helen,2,2,73,71
1681780204969,ECON 3,A03,149347,Crane; Meredith Helen,3,3,74,71
1681780204969,ECON 3,A04,202030,Crane; Meredith Helen,3,3,73,70
1681780205393,ECON 4,A01,149349,Levkoff; Steven B.,1,3,85,84
1681780205393,ECON 4,A02,149350,Levkoff; Steven B.,4,1,85,81
1681780205833,ECON 5,A01,149355,Arnold; David Hall,2,2,56,54
1681780205833,ECON 5,A02,149356,Arnold; David Hall,0,4,56,56
1681780205833,ECON 5,A03,149357,Arnold; David Hall,1,4,50,49
1681780205833,ECON 5,A04,149358,Arnold; David Hall,0,4,44,44
1681780205833,ECON 5,A05,184616,Arnold; David Hall,2,5,56,54
1681780205833,ECON 5,A06,184617,Arnold; David Hall,1,4,55,54
1681780205833,ECON 5,A07,194547,Arnold; David Hall,1,3,55,54
1681780205833,ECON 5,A08,196447,Arnold; David Hall,3,4,55,52
1681780206694,ECON 100A,A01,149363,Famulari; Melissa,51,0,105,54
1681780206694,ECON 100A,A02,149364,Famulari; Melissa,91,0,105,14
1681780206694,ECON 100A,B01,149366,Famulari; Melissa,6,0,105,99
1681780206694,ECON 100A,B02,149367,Famulari; Melissa,7,0,105,98
1681780207120,ECON 100B,A01,149369,Grigoryan; Aram,14,0,105,91
1681780207120,ECON 100B,A02,149370,Grigoryan; Aram,68,0,105,37
1681780207120,ECON 100B,B01,149372,Grigoryan; Aram,1,0,125,124
1681780207120,ECON 100B,B02,179349,Grigoryan; Aram,1,0,125,124
1681780207542,ECON 100C,A01,149374,Boomhower; Judson P,51,0,146,95
1681780207542,ECON 100C,B01,149376,Boomhower; Judson P,18,0,146,128
1681780207969,ECON 104,A00,149377,Andreoni; James,14,0,30,16
1681780208394,ECON 105,A00,149378,Vespa; Emanuel Ignacio,4,0,44,40
1681780208819,ECON 110A,A01,149381,Rondina; Giacomo,42,0,125,83
1681780208819,ECON 110A,B01,149383,Rondina; Giacomo,63,0,125,62
1681780209250,ECON 110B,A01,149385,Herreno Lopera; Juan,2,5,140,138
1681780209250,ECON 110B,A02,198744,Herreno Lopera; Juan,0,3,20,20
1681780209250,ECON 110B,B01,149387,Herreno Lopera; Juan,1,5,145,144
1681780209250,ECON 110B,B02,198746,Herreno Lopera; Juan,2,6,65,63
1681780209677,ECON 111,A00,149388,Wieland; Johannes Friedrich,2,1,50,48
1681780210102,ECON 112,A00,149389,Rondina; Giacomo,5,0,35,30
1681780210524,ECON 120A,A01,149391,Candido; Maria Teresa,0,0,110,110
1681780210524,ECON 120A,A02,149392,Candido; Maria Teresa,2,0,70,68
1681780210524,ECON 120A,A03,174684,Candido; Maria Teresa,15,0,110,95
1681780210524,ECON 120A,A04,174685,Candido; Maria Teresa,40,0,70,30
1681780210948,ECON 120B,A01,149397,Candido; Maria Teresa,0,4,113,113
1681780210948,ECON 120B,A02,149398,Candido; Maria Teresa,1,4,72,71
1681780210948,ECON 120B,A03,179995,Candido; Maria Teresa,1,4,112,111
1681780210948,ECON 120B,A04,179996,Candido; Maria Teresa,0,4,70,70
1681780210948,ECON 120B,A05,198635,Candido; Maria Teresa,0,3,50,51
1681780211384,ECON 120C,A01,149403,Sun; Yixiao,37,0,146,109
1681780211384,ECON 120C,B01,149405,Sun; Yixiao,53,0,146,93
1681780211811,ECON 120CH,A00,149406,Sun; Yixiao,1,4,20,19
1681780212241,ECON 125,A00,149407,Tayman; Jeff,16,0,55,39
1681780212664,ECON 129,A00,149408,Eckert; Fabian Paul,2,0,34,32
1681780212664,ECON 129,B00,149409,Eckert; Fabian Paul,35,0,50,15
1681780213091,ECON 132,A00,149410,Carson; Richard T,29,0,140,111
1681780213603,ECON 134,A00,149411,Gelber; Alexander Michael,1,0,50,49
1681780214031,ECON 137,A00,149412,Niehaus; Paul,8,0,20,12
1681780214456,ECON 142,A00,149413,Trevino; Isabel,15,0,40,25
1681780214456,ECON 142,B00,149414,Trevino; Isabel,19,0,40,21
1681780214884,ECON 146,A00,149415,Cohen; Darrel Steven,30,0,146,116
1681780215312,ECON 151,A01,149417,Meckel; Katherine Hunter,2,0,50,48
1681780215312,ECON 151,B01,149419,Meckel; Katherine Hunter,0,0,50,50
1681780215736,ECON 164,A00,149420,Muralidharan; Karthik,17,0,115,98
1681780216164,ECON 168,A00,149421,Heller; Yuval,2,2,100,98
1681780216587,ECON 171,A01,149423,Du; Songzi,0,8,100,100
1681780217010,ECON 172A,A01,174701,Newhouse; Herbert S,73,0,140,67
1681780217434,ECON 172B,A01,149425,Newhouse; Herbert S,41,0,70,29
1681780217434,ECON 172B,B01,174687,Newhouse; Herbert S,48,0,70,22
1681780217864,ECON 173B,A01,149427,Levkoff; Steven B.,4,0,40,36
1681780217864,ECON 173B,B01,177775,Levkoff; Steven B.,40,0,60,20
1681780218288,ECON 191A,A00,149428,Vespa; Emanuel Ignacio,8,0,20,12
1681780218716,EDS 30,A00,128646,Stevens; Laura Jeanne,0,0,0,0
1681780219141,EDS 31,A00,128664,Bussey; Thomas J,0,0,10,10
1681780219567,EDS 38,A01,128686,Chung; Luz Marina,2,0,20,18
1681780219990,EDS 39,A01,128688,Heinzman; Erica M.,0,0,24,24
1681780220427,EDS 102,A01,128690,Ambo; Theresa Jean,0,5,52,52
1681780220850,EDS 114,A01,128702,Eguchi; Emi,3,0,18,15
1681780220850,EDS 114,A02,174976,Eguchi; Emi,0,0,17,17
1681780221273,EDS 115,A00,128711,Clarke; Sherice Nicole,1,0,60,59
1681780221702,EDS 117,A01,128722,Clarke; Sherice Nicole,0,2,35,35
1681780221702,EDS 117,A02,128728,Clarke; Sherice Nicole,1,1,35,34
1681780221702,EDS 117,B01,128730,Aragon; Maria Jose,0,1,35,35
1681780221702,EDS 117,B02,128731,Aragon; Maria Jose,1,3,34,33
1681780222125,EDS 118,A00,128735,Raj; Anita,0,0,62,62
1681780222549,EDS 121B,A01,128742,Stevens; Laura Jeanne,0,0,0,0
1681780222976,EDS 123,A00,128744,Brydges; Stacey,9,0,10,1
1681780223401,EDS 124AR,A01,128756,Simon; Elizabeth A,0,0,22,22
1681780223401,EDS 124AR,A02,174979,Simon; Elizabeth A,0,0,24,24
1681780223401,EDS 124AR,A03,174980,Simon; Elizabeth A,0,0,21,21
1681780223401,EDS 124AR,A04,174981,Simon; Elizabeth A,0,0,22,22
1681780223401,EDS 124AR,B01,174985,Simon; Elizabeth A,3,0,5,2
1681780223401,EDS 124AR,B02,174986,Simon; Elizabeth A,5,0,5,0
1681780223401,EDS 124AR,B03,174987,Simon; Elizabeth A,4,0,5,1
1681780223401,EDS 124AR,B04,174988,Simon; Elizabeth A,3,0,5,2
1681780223401,EDS 124AR,C01,174990,Simon; Elizabeth A,0,0,23,23
1681780223401,EDS 124AR,C02,174991,Simon; Elizabeth A,0,0,22,22
1681780223401,EDS 124AR,C03,174992,Simon; Elizabeth A,0,0,22,22
1681780223401,EDS 124AR,C04,174993,Simon; Elizabeth A,0,0,22,22
1681780223401,EDS 124AR,C05,204714,Simon; Elizabeth A,0,1,24,24
1681780223401,EDS 124AR,C06,204715,Simon; Elizabeth A,0,1,24,24
1681780223401,EDS 124AR,D01,174998,Simon; Elizabeth A,2,0,5,3
1681780223401,EDS 124AR,D02,175003,Simon; Elizabeth A,5,0,5,0
1681780223401,EDS 124AR,D03,175004,Simon; Elizabeth A,1,0,5,4
1681780223401,EDS 124AR,D04,175005,Simon; Elizabeth A,1,0,5,4
1681780223832,EDS 124BR,A00,128757,Eguchi; Emi,3,2,120,117
1681780223832,EDS 124BR,B00,175007,Eguchi; Emi,7,0,10,3
1681780224260,EDS 126,A01,128792,Gallagher-Geurtsen; Tricia Meghan,0,1,30,30
1681780224260,EDS 126,A02,128795,Gallagher-Geurtsen; Tricia Meghan,2,0,30,28
1681780224685,EDS 128B,A01,128798,Pappas; Elizabeth,9,0,50,41
1681780225110,EDS 129C,A01,128807,Millstone; Rachel Diana,9,0,60,51
1681780225536,EDS 130,A01,128817,Scharton; Susan Michelle,1,0,20,19
1681780225536,EDS 130,A02,128819,Scharton; Susan Michelle,3,0,20,17
1681780225536,EDS 130,A03,128821,Scharton; Susan Michelle,19,0,20,1
1681780225963,EDS 136,A01,128824,Chung; Luz Marina,4,0,30,26
1681780225963,EDS 136,A02,128831,Chung; Luz Marina,26,0,30,4
1681780226389,EDS 139,A00,128833,Scharton; Susan Michelle,23,0,60,37
1681780226389,EDS 139,B00,128837,Chung; Luz Marina,30,0,60,30
1681780226389,EDS 139,C00,128840,Pappas; Elizabeth,19,0,60,41
1681780226389,EDS 139,D00,128853,Millstone; Rachel Diana,9,0,60,51
1681780226389,EDS 139,E00,128854,Holtzman; Caren Lynn,3,0,40,37
1681780226389,EDS 139,F00,128855,Mamas; Christoforos,7,0,25,18
1681780226389,EDS 139,G00,128858,Bintliff; Amy S.V.,1,0,30,29
1681780226814,EDS 141,A00,128863,Mamas; Christoforos,7,0,25,18
1681780227239,EDS 145,A01,128870,Bintliff; Amy S.V.,1,0,30,29
1681780227663,EDS 180,A00,128873,Ambo; Theresa Jean,0,1,20,20
1681780228086,EDS 190,A00,194644,Bintliff; Amy S.V.,2,0,5,3
